SMM: enter
EAX=00000000 EBX=00000000 ECX=02000000 EDX=02000628
ESI=0000000b EDI=02000000 EBP=00014e40 ESP=00006c5c
EIP=000ea61d EFL=00000046 [---Z-P-] CPL=0 II=0 A20=1 SMM=0 HLT=0
ES =0010 00000000 ffffffff 00cf9300 DPL=0 DS   [-WA]
CS =0008 00000000 ffffffff 00cf9b00 DPL=0 CS32 [-RA]
SS =0010 00000000 ffffffff 00cf9300 DPL=0 DS   [-WA]
DS =0010 00000000 ffffffff 00cf9300 DPL=0 DS   [-WA]
FS =0010 00000000 ffffffff 00cf9300 DPL=0 DS   [-WA]
GS =0010 00000000 ffffffff 00cf9300 DPL=0 DS   [-WA]
LDT=0000 00000000 0000ffff 00008200 DPL=0 LDT
TR =0000 00000000 0000ffff 00008b00 DPL=0 TSS32-busy
GDT=     000f61e0 00000037
IDT=     000f621e 00000000
CR0=00000011 CR2=00000000 CR3=00000000 CR4=00000000
DR0=00000000 DR1=00000000 DR2=00000000 DR3=00000000 
DR6=ffff0ff0 DR7=00000400
CCS=00000000 CCD=ffffffff CCO=CLR
EFER=0000000000000000
SMM: after RSM
EAX=00000000 EBX=00000000 ECX=02000000 EDX=02000628
ESI=0000000b EDI=02000000 EBP=00014e40 ESP=00006c5c
EIP=000ea61d EFL=00000046 [---Z-P-] CPL=0 II=0 A20=1 SMM=0 HLT=0
ES =0010 00000000 ffffffff 00c09300 DPL=0 DS   [-WA]
CS =0008 00000000 ffffffff 00c09b00 DPL=0 CS32 [-RA]
SS =0010 00000000 ffffffff 00c09300 DPL=0 DS   [-WA]
DS =0010 00000000 ffffffff 00c09300 DPL=0 DS   [-WA]
FS =0010 00000000 ffffffff 00c09300 DPL=0 DS   [-WA]
GS =0010 00000000 ffffffff 00c09300 DPL=0 DS   [-WA]
LDT=0000 00000000 0000ffff 00008200 DPL=0 LDT
TR =0000 00000000 0000ffff 00008b00 DPL=0 TSS32-busy
GDT=     000f61e0 00000037
IDT=     000f621e 00000000
CR0=00000011 CR2=00000000 CR3=00000000 CR4=00000000
DR0=00000000 DR1=00000000 DR2=00000000 DR3=00000000 
DR6=ffff0ff0 DR7=00000400
CCS=00000044 CCD=00000000 CCO=EFLAGS
EFER=0000000000000000
Servicing hardware INT=0x08
SMM: enter
EAX=000000b5 EBX=000f7e0e ECX=00001234 EDX=00006cff
ESI=00006cb4 EDI=06ffec55 EBP=00006c74 ESP=00006c74
EIP=00007e0b EFL=00000006 [-----P-] CPL=0 II=0 A20=1 SMM=0 HLT=0
ES =d900 000d9000 ffffffff 008f9300
CS =f000 000f0000 ffffffff 008f9b00
SS =0000 00000000 ffffffff 008f9300
DS =0000 00000000 ffffffff 008f9300
FS =0000 00000000 ffffffff 008f9300
GS =0000 00000000 ffffffff 008f9300
LDT=0000 00000000 0000ffff 00008200
TR =0000 00000000 0000ffff 00008b00
GDT=     00000000 00000000
IDT=     00000000 000003ff
CR0=00000010 CR2=00000000 CR3=00000000 CR4=00000000
DR0=00000000 DR1=00000000 DR2=00000000 DR3=00000000 
DR6=ffff0ff0 DR7=00000400
CCS=00000000 CCD=00006c74 CCO=ADDL
EFER=0000000000000000
SMM: after RSM
EAX=000000b5 EBX=000f7e0e ECX=00001234 EDX=00006cff
ESI=00006cb4 EDI=06ffec55 EBP=00006c74 ESP=00006c74
EIP=000f7e0e EFL=00000046 [---Z-P-] CPL=0 II=0 A20=1 SMM=0 HLT=0
ES =0010 00000000 ffffffff 00c09300 DPL=0 DS   [-WA]
CS =0008 00000000 ffffffff 00c09b00 DPL=0 CS32 [-RA]
SS =0010 00000000 ffffffff 00c09300 DPL=0 DS   [-WA]
DS =0010 00000000 ffffffff 00c09300 DPL=0 DS   [-WA]
FS =0010 00000000 ffffffff 00c09300 DPL=0 DS   [-WA]
GS =0010 00000000 ffffffff 00c09300 DPL=0 DS   [-WA]
LDT=0000 00000000 0000ffff 00008200 DPL=0 LDT
TR =0000 00000000 0000ffff 00008b00 DPL=0 TSS32-busy
GDT=     000f61e0 00000037
IDT=     000f621e 00000000
CR0=00000011 CR2=00000000 CR3=00000000 CR4=00000000
DR0=00000000 DR1=00000000 DR2=00000000 DR3=00000000 
DR6=ffff0ff0 DR7=00000400
CCS=00000044 CCD=00000000 CCO=EFLAGS
EFER=0000000000000000
SMM: enter
EAX=000000b5 EBX=00007e28 ECX=00005678 EDX=06fe8ba0
ESI=000e8380 EDI=06ffec55 EBP=00006c74 ESP=00006c74
EIP=000f7e25 EFL=00000016 [----AP-] CPL=0 II=0 A20=1 SMM=0 HLT=0
ES =0010 00000000 ffffffff 00c09300 DPL=0 DS   [-WA]
CS =0008 00000000 ffffffff 00c09b00 DPL=0 CS32 [-RA]
SS =0010 00000000 ffffffff 00c09300 DPL=0 DS   [-WA]
DS =0010 00000000 ffffffff 00c09300 DPL=0 DS   [-WA]
FS =0010 00000000 ffffffff 00c09300 DPL=0 DS   [-WA]
GS =0010 00000000 ffffffff 00c09300 DPL=0 DS   [-WA]
LDT=0000 00000000 0000ffff 00008200 DPL=0 LDT
TR =0000 00000000 0000ffff 00008b00 DPL=0 TSS32-busy
GDT=     000f61e0 00000037
IDT=     000f621e 00000000
CR0=00000011 CR2=00000000 CR3=00000000 CR4=00000000
DR0=00000000 DR1=00000000 DR2=00000000 DR3=00000000 
DR6=ffff0ff0 DR7=00000400
CCS=00000008 CCD=00006c60 CCO=ADDL
EFER=0000000000000000
SMM: after RSM
EAX=000000b5 EBX=00007e28 ECX=00005678 EDX=06fe8ba0
ESI=000e8380 EDI=06ffec55 EBP=00006c74 ESP=00006c74
EIP=00007e28 EFL=00000006 [-----P-] CPL=0 II=0 A20=1 SMM=0 HLT=0
ES =d900 000d9000 ffffffff 00809300
CS =f000 000f0000 ffffffff 00809b00
SS =0000 00000000 ffffffff 00809300
DS =0000 00000000 ffffffff 00809300
FS =0000 00000000 ffffffff 00809300
GS =0000 00000000 ffffffff 00809300
LDT=0000 00000000 0000ffff 00008200
TR =0000 00000000 0000ffff 00008b00
GDT=     00000000 00000000
IDT=     00000000 000003ff
CR0=00000010 CR2=00000000 CR3=00000000 CR4=00000000
DR0=00000000 DR1=00000000 DR2=00000000 DR3=00000000 
DR6=ffff0ff0 DR7=00000400
CCS=00000004 CCD=00000001 CCO=EFLAGS
EFER=0000000000000000
Servicing hardware INT=0x08
SMM: enter
EAX=000000b5 EBX=000f7e0e ECX=00001234 EDX=000069ff
ESI=00006996 EDI=06ffec55 EBP=00006956 ESP=00006956
EIP=00007e0b EFL=00000006 [-----P-] CPL=0 II=0 A20=1 SMM=0 HLT=0
ES =d900 000d9000 ffffffff 008f9300
CS =f000 000f0000 ffffffff 008f9b00
SS =0000 00000000 ffffffff 008f9300
DS =0000 00000000 ffffffff 008f9300
FS =0000 00000000 ffffffff 008f9300
GS =ca00 000ca000 ffffffff 008f9300
LDT=0000 00000000 0000ffff 00008200
TR =0000 00000000 0000ffff 00008b00
GDT=     00000000 00000000
IDT=     00000000 000003ff
CR0=00000010 CR2=00000000 CR3=00000000 CR4=00000000
DR0=00000000 DR1=00000000 DR2=00000000 DR3=00000000 
DR6=ffff0ff0 DR7=00000400
CCS=00000000 CCD=00006956 CCO=ADDL
EFER=0000000000000000
SMM: after RSM
EAX=000000b5 EBX=000f7e0e ECX=00001234 EDX=000069ff
ESI=00006996 EDI=06ffec55 EBP=00006956 ESP=00006956
EIP=000f7e0e EFL=00000046 [---Z-P-] CPL=0 II=0 A20=1 SMM=0 HLT=0
ES =0010 00000000 ffffffff 00c09300 DPL=0 DS   [-WA]
CS =0008 00000000 ffffffff 00c09b00 DPL=0 CS32 [-RA]
SS =0010 00000000 ffffffff 00c09300 DPL=0 DS   [-WA]
DS =0010 00000000 ffffffff 00c09300 DPL=0 DS   [-WA]
FS =0010 00000000 ffffffff 00c09300 DPL=0 DS   [-WA]
GS =0010 00000000 ffffffff 00c09300 DPL=0 DS   [-WA]
LDT=0000 00000000 0000ffff 00008200 DPL=0 LDT
TR =0000 00000000 0000ffff 00008b00 DPL=0 TSS32-busy
GDT=     000f61e0 00000037
IDT=     000f621e 00000000
CR0=00000011 CR2=00000000 CR3=00000000 CR4=00000000
DR0=00000000 DR1=00000000 DR2=00000000 DR3=00000000 
DR6=ffff0ff0 DR7=00000400
CCS=00000044 CCD=00000000 CCO=EFLAGS
EFER=0000000000000000
SMM: enter
EAX=000000b5 EBX=00007e28 ECX=00005678 EDX=00000005
ESI=00000000 EDI=06ffec55 EBP=00006956 ESP=00006956
EIP=000f7e25 EFL=00000016 [----AP-] CPL=0 II=0 A20=1 SMM=0 HLT=0
ES =0010 00000000 ffffffff 00c09300 DPL=0 DS   [-WA]
CS =0008 00000000 ffffffff 00c09b00 DPL=0 CS32 [-RA]
SS =0010 00000000 ffffffff 00c09300 DPL=0 DS   [-WA]
DS =0010 00000000 ffffffff 00c09300 DPL=0 DS   [-WA]
FS =0010 00000000 ffffffff 00c09300 DPL=0 DS   [-WA]
GS =0010 00000000 ffffffff 00c09300 DPL=0 DS   [-WA]
LDT=0000 00000000 0000ffff 00008200 DPL=0 LDT
TR =0000 00000000 0000ffff 00008b00 DPL=0 TSS32-busy
GDT=     000f61e0 00000037
IDT=     000f621e 00000000
CR0=00000011 CR2=00000000 CR3=00000000 CR4=00000000
DR0=00000000 DR1=00000000 DR2=00000000 DR3=00000000 
DR6=ffff0ff0 DR7=00000400
CCS=00000008 CCD=00006942 CCO=ADDL
EFER=0000000000000000
SMM: after RSM
EAX=000000b5 EBX=00007e28 ECX=00005678 EDX=00000005
ESI=00000000 EDI=06ffec55 EBP=00006956 ESP=00006956
EIP=00007e28 EFL=00000006 [-----P-] CPL=0 II=0 A20=1 SMM=0 HLT=0
ES =d900 000d9000 ffffffff 00809300
CS =f000 000f0000 ffffffff 00809b00
SS =0000 00000000 ffffffff 00809300
DS =0000 00000000 ffffffff 00809300
FS =0000 00000000 ffffffff 00809300
GS =ca00 000ca000 ffffffff 00809300
LDT=0000 00000000 0000ffff 00008200
TR =0000 00000000 0000ffff 00008b00
GDT=     00000000 00000000
IDT=     00000000 000003ff
CR0=00000010 CR2=00000000 CR3=00000000 CR4=00000000
DR0=00000000 DR1=00000000 DR2=00000000 DR3=00000000 
DR6=ffff0ff0 DR7=00000400
CCS=00000004 CCD=00000001 CCO=EFLAGS
EFER=0000000000000000
SMM: enter
EAX=000000b5 EBX=000f7e0e ECX=00001234 EDX=000069ff
ESI=00006990 EDI=06ffec55 EBP=00006950 ESP=00006950
EIP=00007e0b EFL=00000006 [-----P-] CPL=0 II=0 A20=1 SMM=0 HLT=0
ES =d900 000d9000 ffffffff 00809300
CS =f000 000f0000 ffffffff 00809b00
SS =0000 00000000 ffffffff 00809300
DS =0000 00000000 ffffffff 00809300
FS =0000 00000000 ffffffff 00809300
GS =ca00 000ca000 ffffffff 00809300
LDT=0000 00000000 0000ffff 00008200
TR =0000 00000000 0000ffff 00008b00
GDT=     00000000 00000000
IDT=     00000000 000003ff
CR0=00000010 CR2=00000000 CR3=00000000 CR4=00000000
DR0=00000000 DR1=00000000 DR2=00000000 DR3=00000000 
DR6=ffff0ff0 DR7=00000400
CCS=00000000 CCD=00006950 CCO=ADDL
EFER=0000000000000000
SMM: after RSM
EAX=000000b5 EBX=000f7e0e ECX=00001234 EDX=000069ff
ESI=00006990 EDI=06ffec55 EBP=00006950 ESP=00006950
EIP=000f7e0e EFL=00000046 [---Z-P-] CPL=0 II=0 A20=1 SMM=0 HLT=0
ES =0010 00000000 ffffffff 00c09300 DPL=0 DS   [-WA]
CS =0008 00000000 ffffffff 00c09b00 DPL=0 CS32 [-RA]
SS =0010 00000000 ffffffff 00c09300 DPL=0 DS   [-WA]
DS =0010 00000000 ffffffff 00c09300 DPL=0 DS   [-WA]
FS =0010 00000000 ffffffff 00c09300 DPL=0 DS   [-WA]
GS =0010 00000000 ffffffff 00c09300 DPL=0 DS   [-WA]
LDT=0000 00000000 0000ffff 00008200 DPL=0 LDT
TR =0000 00000000 0000ffff 00008b00 DPL=0 TSS32-busy
GDT=     000f61e0 00000037
IDT=     000f621e 00000000
CR0=00000011 CR2=00000000 CR3=00000000 CR4=00000000
DR0=00000000 DR1=00000000 DR2=00000000 DR3=00000000 
DR6=ffff0ff0 DR7=00000400
CCS=00000044 CCD=00000000 CCO=EFLAGS
EFER=0000000000000000
SMM: enter
EAX=000000b5 EBX=00007e28 ECX=00005678 EDX=00000003
ESI=06fcb050 EDI=06ffec55 EBP=00006950 ESP=00006950
EIP=000f7e25 EFL=00000006 [-----P-] CPL=0 II=0 A20=1 SMM=0 HLT=0
ES =0010 00000000 ffffffff 00c09300 DPL=0 DS   [-WA]
CS =0008 00000000 ffffffff 00c09b00 DPL=0 CS32 [-RA]
SS =0010 00000000 ffffffff 00c09300 DPL=0 DS   [-WA]
DS =0010 00000000 ffffffff 00c09300 DPL=0 DS   [-WA]
FS =0010 00000000 ffffffff 00c09300 DPL=0 DS   [-WA]
GS =0010 00000000 ffffffff 00c09300 DPL=0 DS   [-WA]
LDT=0000 00000000 0000ffff 00008200 DPL=0 LDT
TR =0000 00000000 0000ffff 00008b00 DPL=0 TSS32-busy
GDT=     000f61e0 00000037
IDT=     000f621e 00000000
CR0=00000011 CR2=00000000 CR3=00000000 CR4=00000000
DR0=00000000 DR1=00000000 DR2=00000000 DR3=00000000 
DR6=ffff0ff0 DR7=00000400
CCS=00000008 CCD=0000693c CCO=ADDL
EFER=0000000000000000
SMM: after RSM
EAX=000000b5 EBX=00007e28 ECX=00005678 EDX=00000003
ESI=06fcb050 EDI=06ffec55 EBP=00006950 ESP=00006950
EIP=00007e28 EFL=00000006 [-----P-] CPL=0 II=0 A20=1 SMM=0 HLT=0
ES =d900 000d9000 ffffffff 00809300
CS =f000 000f0000 ffffffff 00809b00
SS =0000 00000000 ffffffff 00809300
DS =0000 00000000 ffffffff 00809300
FS =0000 00000000 ffffffff 00809300
GS =ca00 000ca000 ffffffff 00809300
LDT=0000 00000000 0000ffff 00008200
TR =0000 00000000 0000ffff 00008b00
GDT=     00000000 00000000
IDT=     00000000 000003ff
CR0=00000010 CR2=00000000 CR3=00000000 CR4=00000000
DR0=00000000 DR1=00000000 DR2=00000000 DR3=00000000 
DR6=ffff0ff0 DR7=00000400
CCS=00000004 CCD=00000001 CCO=EFLAGS
EFER=0000000000000000
SMM: enter
EAX=000000b5 EBX=000f7e0e ECX=00001234 EDX=000069ff
ESI=00006996 EDI=06ffec55 EBP=00006956 ESP=00006956
EIP=00007e0b EFL=00000006 [-----P-] CPL=0 II=0 A20=1 SMM=0 HLT=0
ES =d900 000d9000 ffffffff 00809300
CS =f000 000f0000 ffffffff 00809b00
SS =0000 00000000 ffffffff 00809300
DS =0000 00000000 ffffffff 00809300
FS =0000 00000000 ffffffff 00809300
GS =ca00 000ca000 ffffffff 00809300
LDT=0000 00000000 0000ffff 00008200
TR =0000 00000000 0000ffff 00008b00
GDT=     00000000 00000000
IDT=     00000000 000003ff
CR0=00000010 CR2=00000000 CR3=00000000 CR4=00000000
DR0=00000000 DR1=00000000 DR2=00000000 DR3=00000000 
DR6=ffff0ff0 DR7=00000400
CCS=00000000 CCD=00006956 CCO=ADDL
EFER=0000000000000000
SMM: after RSM
EAX=000000b5 EBX=000f7e0e ECX=00001234 EDX=000069ff
ESI=00006996 EDI=06ffec55 EBP=00006956 ESP=00006956
EIP=000f7e0e EFL=00000046 [---Z-P-] CPL=0 II=0 A20=1 SMM=0 HLT=0
ES =0010 00000000 ffffffff 00c09300 DPL=0 DS   [-WA]
CS =0008 00000000 ffffffff 00c09b00 DPL=0 CS32 [-RA]
SS =0010 00000000 ffffffff 00c09300 DPL=0 DS   [-WA]
DS =0010 00000000 ffffffff 00c09300 DPL=0 DS   [-WA]
FS =0010 00000000 ffffffff 00c09300 DPL=0 DS   [-WA]
GS =0010 00000000 ffffffff 00c09300 DPL=0 DS   [-WA]
LDT=0000 00000000 0000ffff 00008200 DPL=0 LDT
TR =0000 00000000 0000ffff 00008b00 DPL=0 TSS32-busy
GDT=     000f61e0 00000037
IDT=     000f621e 00000000
CR0=00000011 CR2=00000000 CR3=00000000 CR4=00000000
DR0=00000000 DR1=00000000 DR2=00000000 DR3=00000000 
DR6=ffff0ff0 DR7=00000400
CCS=00000044 CCD=00000000 CCO=EFLAGS
EFER=0000000000000000
SMM: enter
EAX=000000b5 EBX=00007e28 ECX=00005678 EDX=00000005
ESI=00000000 EDI=06ffec55 EBP=00006956 ESP=00006956
EIP=000f7e25 EFL=00000016 [----AP-] CPL=0 II=0 A20=1 SMM=0 HLT=0
ES =0010 00000000 ffffffff 00c09300 DPL=0 DS   [-WA]
CS =0008 00000000 ffffffff 00c09b00 DPL=0 CS32 [-RA]
SS =0010 00000000 ffffffff 00c09300 DPL=0 DS   [-WA]
DS =0010 00000000 ffffffff 00c09300 DPL=0 DS   [-WA]
FS =0010 00000000 ffffffff 00c09300 DPL=0 DS   [-WA]
GS =0010 00000000 ffffffff 00c09300 DPL=0 DS   [-WA]
LDT=0000 00000000 0000ffff 00008200 DPL=0 LDT
TR =0000 00000000 0000ffff 00008b00 DPL=0 TSS32-busy
GDT=     000f61e0 00000037
IDT=     000f621e 00000000
CR0=00000011 CR2=00000000 CR3=00000000 CR4=00000000
DR0=00000000 DR1=00000000 DR2=00000000 DR3=00000000 
DR6=ffff0ff0 DR7=00000400
CCS=00000008 CCD=00006942 CCO=ADDL
EFER=0000000000000000
SMM: after RSM
EAX=000000b5 EBX=00007e28 ECX=00005678 EDX=00000005
ESI=00000000 EDI=06ffec55 EBP=00006956 ESP=00006956
EIP=00007e28 EFL=00000006 [-----P-] CPL=0 II=0 A20=1 SMM=0 HLT=0
ES =d900 000d9000 ffffffff 00809300
CS =f000 000f0000 ffffffff 00809b00
SS =0000 00000000 ffffffff 00809300
DS =0000 00000000 ffffffff 00809300
FS =0000 00000000 ffffffff 00809300
GS =ca00 000ca000 ffffffff 00809300
LDT=0000 00000000 0000ffff 00008200
TR =0000 00000000 0000ffff 00008b00
GDT=     00000000 00000000
IDT=     00000000 000003ff
CR0=00000010 CR2=00000000 CR3=00000000 CR4=00000000
DR0=00000000 DR1=00000000 DR2=00000000 DR3=00000000 
DR6=ffff0ff0 DR7=00000400
CCS=00000004 CCD=00000001 CCO=EFLAGS
EFER=0000000000000000
SMM: enter
EAX=000000b5 EBX=000f7e0e ECX=00001234 EDX=000069ff
ESI=00006990 EDI=06ffec55 EBP=00006950 ESP=00006950
EIP=00007e0b EFL=00000006 [-----P-] CPL=0 II=0 A20=1 SMM=0 HLT=0
ES =d900 000d9000 ffffffff 00809300
CS =f000 000f0000 ffffffff 00809b00
SS =0000 00000000 ffffffff 00809300
DS =0000 00000000 ffffffff 00809300
FS =0000 00000000 ffffffff 00809300
GS =ca00 000ca000 ffffffff 00809300
LDT=0000 00000000 0000ffff 00008200
TR =0000 00000000 0000ffff 00008b00
GDT=     00000000 00000000
IDT=     00000000 000003ff
CR0=00000010 CR2=00000000 CR3=00000000 CR4=00000000
DR0=00000000 DR1=00000000 DR2=00000000 DR3=00000000 
DR6=ffff0ff0 DR7=00000400
CCS=00000000 CCD=00006950 CCO=ADDL
EFER=0000000000000000
SMM: after RSM
EAX=000000b5 EBX=000f7e0e ECX=00001234 EDX=000069ff
ESI=00006990 EDI=06ffec55 EBP=00006950 ESP=00006950
EIP=000f7e0e EFL=00000046 [---Z-P-] CPL=0 II=0 A20=1 SMM=0 HLT=0
ES =0010 00000000 ffffffff 00c09300 DPL=0 DS   [-WA]
CS =0008 00000000 ffffffff 00c09b00 DPL=0 CS32 [-RA]
SS =0010 00000000 ffffffff 00c09300 DPL=0 DS   [-WA]
DS =0010 00000000 ffffffff 00c09300 DPL=0 DS   [-WA]
FS =0010 00000000 ffffffff 00c09300 DPL=0 DS   [-WA]
GS =0010 00000000 ffffffff 00c09300 DPL=0 DS   [-WA]
LDT=0000 00000000 0000ffff 00008200 DPL=0 LDT
TR =0000 00000000 0000ffff 00008b00 DPL=0 TSS32-busy
GDT=     000f61e0 00000037
IDT=     000f621e 00000000
CR0=00000011 CR2=00000000 CR3=00000000 CR4=00000000
DR0=00000000 DR1=00000000 DR2=00000000 DR3=00000000 
DR6=ffff0ff0 DR7=00000400
CCS=00000044 CCD=00000000 CCO=EFLAGS
EFER=0000000000000000
SMM: enter
EAX=000000b5 EBX=00007e28 ECX=00005678 EDX=00000003
ESI=06f0b050 EDI=06ffec55 EBP=00006950 ESP=00006950
EIP=000f7e25 EFL=00000006 [-----P-] CPL=0 II=0 A20=1 SMM=0 HLT=0
ES =0010 00000000 ffffffff 00c09300 DPL=0 DS   [-WA]
CS =0008 00000000 ffffffff 00c09b00 DPL=0 CS32 [-RA]
SS =0010 00000000 ffffffff 00c09300 DPL=0 DS   [-WA]
DS =0010 00000000 ffffffff 00c09300 DPL=0 DS   [-WA]
FS =0010 00000000 ffffffff 00c09300 DPL=0 DS   [-WA]
GS =0010 00000000 ffffffff 00c09300 DPL=0 DS   [-WA]
LDT=0000 00000000 0000ffff 00008200 DPL=0 LDT
TR =0000 00000000 0000ffff 00008b00 DPL=0 TSS32-busy
GDT=     000f61e0 00000037
IDT=     000f621e 00000000
CR0=00000011 CR2=00000000 CR3=00000000 CR4=00000000
DR0=00000000 DR1=00000000 DR2=00000000 DR3=00000000 
DR6=ffff0ff0 DR7=00000400
CCS=00000008 CCD=0000693c CCO=ADDL
EFER=0000000000000000
SMM: after RSM
EAX=000000b5 EBX=00007e28 ECX=00005678 EDX=00000003
ESI=06f0b050 EDI=06ffec55 EBP=00006950 ESP=00006950
EIP=00007e28 EFL=00000006 [-----P-] CPL=0 II=0 A20=1 SMM=0 HLT=0
ES =d900 000d9000 ffffffff 00809300
CS =f000 000f0000 ffffffff 00809b00
SS =0000 00000000 ffffffff 00809300
DS =0000 00000000 ffffffff 00809300
FS =0000 00000000 ffffffff 00809300
GS =ca00 000ca000 ffffffff 00809300
LDT=0000 00000000 0000ffff 00008200
TR =0000 00000000 0000ffff 00008b00
GDT=     00000000 00000000
IDT=     00000000 000003ff
CR0=00000010 CR2=00000000 CR3=00000000 CR4=00000000
DR0=00000000 DR1=00000000 DR2=00000000 DR3=00000000 
DR6=ffff0ff0 DR7=00000400
CCS=00000004 CCD=00000001 CCO=EFLAGS
EFER=0000000000000000
Servicing hardware INT=0x0e
Servicing hardware INT=0x0e
Servicing hardware INT=0x08
Servicing hardware INT=0x0e
Servicing hardware INT=0x0e
Servicing hardware INT=0x08
Servicing hardware INT=0x0e
Servicing hardware INT=0x0e
Servicing hardware INT=0x08
Servicing hardware INT=0x08
Servicing hardware INT=0x08
Servicing hardware INT=0x08
Servicing hardware INT=0x08
Servicing hardware INT=0x08
Servicing hardware INT=0x09
Servicing hardware INT=0x08
Servicing hardware INT=0x09
Servicing hardware INT=0x08
Servicing hardware INT=0x08
Servicing hardware INT=0x08
Servicing hardware INT=0x08
Servicing hardware INT=0x08
Servicing hardware INT=0x20
     0: v=20 e=0000 i=0 cpl=0 IP=0008:c0101156 pc=c0101156 SP=0010:c010c878 env->regs[R_EAX]=00000100
EAX=00000100 EBX=00010000 ECX=00000000 EDX=00000cfc
ESI=0010d000 EDI=00106434 EBP=c010c880 ESP=c010c878
EIP=c0101156 EFL=00000286 [--S--P-] CPL=0 II=0 A20=1 SMM=0 HLT=0
ES =0010 00000000 ffffffff 00cf9300 DPL=0 DS   [-WA]
CS =0008 00000000 ffffffff 00cf9a00 DPL=0 CS32 [-R-]
SS =0010 00000000 ffffffff 00cf9300 DPL=0 DS   [-WA]
DS =0010 00000000 ffffffff 00cf9300 DPL=0 DS   [-WA]
FS =0010 00000000 ffffffff 00cf9300 DPL=0 DS   [-WA]
GS =0010 00000000 ffffffff 00cf9300 DPL=0 DS   [-WA]
LDT=0000 00000000 0000ffff 00008200 DPL=0 LDT
TR =0000 00000000 0000ffff 00008b00 DPL=0 TSS32-busy
GDT=     c0107000 00000027
IDT=     c0107040 000007ff
CR0=80010011 CR2=00000000 CR3=00105000 CR4=00000000
DR0=00000000 DR1=00000000 DR2=00000000 DR3=00000000 
DR6=ffff0ff0 DR7=00000400
CCS=00000084 CCD=c010c878 CCO=EFLAGS
EFER=0000000000000000
Servicing hardware INT=0x20
     1: v=20 e=0000 i=0 cpl=0 IP=0008:c0101156 pc=c0101156 SP=0010:c010c878 env->regs[R_EAX]=00000100
EAX=00000100 EBX=00010000 ECX=00000000 EDX=00000cfc
ESI=0010d000 EDI=00106434 EBP=c010c880 ESP=c010c878
EIP=c0101156 EFL=00000286 [--S--P-] CPL=0 II=0 A20=1 SMM=0 HLT=0
ES =0010 00000000 ffffffff 00cf9300 DPL=0 DS   [-WA]
CS =0008 00000000 ffffffff 00cf9a00 DPL=0 CS32 [-R-]
SS =0010 00000000 ffffffff 00cf9300 DPL=0 DS   [-WA]
DS =0010 00000000 ffffffff 00cf9300 DPL=0 DS   [-WA]
FS =0010 00000000 ffffffff 00cf9300 DPL=0 DS   [-WA]
GS =0010 00000000 ffffffff 00cf9300 DPL=0 DS   [-WA]
LDT=0000 00000000 0000ffff 00008200 DPL=0 LDT
TR =0000 00000000 0000ffff 00008b00 DPL=0 TSS32-busy
GDT=     c0107000 00000027
IDT=     c0107040 000007ff
CR0=80010011 CR2=00000000 CR3=00105000 CR4=00000000
DR0=00000000 DR1=00000000 DR2=00000000 DR3=00000000 
DR6=ffff0ff0 DR7=00000400
CCS=00000084 CCD=c010c83c CCO=EFLAGS
EFER=0000000000000000
Servicing hardware INT=0x20
     2: v=20 e=0000 i=0 cpl=0 IP=0008:c0101156 pc=c0101156 SP=0010:c010c878 env->regs[R_EAX]=00000100
EAX=00000100 EBX=00010000 ECX=00000000 EDX=00000cfc
ESI=0010d000 EDI=00106434 EBP=c010c880 ESP=c010c878
EIP=c0101156 EFL=00000286 [--S--P-] CPL=0 II=0 A20=1 SMM=0 HLT=0
ES =0010 00000000 ffffffff 00cf9300 DPL=0 DS   [-WA]
CS =0008 00000000 ffffffff 00cf9a00 DPL=0 CS32 [-R-]
SS =0010 00000000 ffffffff 00cf9300 DPL=0 DS   [-WA]
DS =0010 00000000 ffffffff 00cf9300 DPL=0 DS   [-WA]
FS =0010 00000000 ffffffff 00cf9300 DPL=0 DS   [-WA]
GS =0010 00000000 ffffffff 00cf9300 DPL=0 DS   [-WA]
LDT=0000 00000000 0000ffff 00008200 DPL=0 LDT
TR =0000 00000000 0000ffff 00008b00 DPL=0 TSS32-busy
GDT=     c0107000 00000027
IDT=     c0107040 000007ff
CR0=80010011 CR2=00000000 CR3=00105000 CR4=00000000
DR0=00000000 DR1=00000000 DR2=00000000 DR3=00000000 
DR6=ffff0ff0 DR7=00000400
CCS=00000084 CCD=c010c83c CCO=EFLAGS
EFER=0000000000000000
Servicing hardware INT=0x20
     3: v=20 e=0000 i=0 cpl=0 IP=0008:c0101156 pc=c0101156 SP=0010:c010c878 env->regs[R_EAX]=00000100
EAX=00000100 EBX=00010000 ECX=00000000 EDX=00000cfc
ESI=0010d000 EDI=00106434 EBP=c010c880 ESP=c010c878
EIP=c0101156 EFL=00000286 [--S--P-] CPL=0 II=0 A20=1 SMM=0 HLT=0
ES =0010 00000000 ffffffff 00cf9300 DPL=0 DS   [-WA]
CS =0008 00000000 ffffffff 00cf9a00 DPL=0 CS32 [-R-]
SS =0010 00000000 ffffffff 00cf9300 DPL=0 DS   [-WA]
DS =0010 00000000 ffffffff 00cf9300 DPL=0 DS   [-WA]
FS =0010 00000000 ffffffff 00cf9300 DPL=0 DS   [-WA]
GS =0010 00000000 ffffffff 00cf9300 DPL=0 DS   [-WA]
LDT=0000 00000000 0000ffff 00008200 DPL=0 LDT
TR =0000 00000000 0000ffff 00008b00 DPL=0 TSS32-busy
GDT=     c0107000 00000027
IDT=     c0107040 000007ff
CR0=80010011 CR2=00000000 CR3=00105000 CR4=00000000
DR0=00000000 DR1=00000000 DR2=00000000 DR3=00000000 
DR6=ffff0ff0 DR7=00000400
CCS=00000084 CCD=c010c83c CCO=EFLAGS
EFER=0000000000000000
Servicing hardware INT=0x20
     4: v=20 e=0000 i=0 cpl=0 IP=0008:c0101156 pc=c0101156 SP=0010:c010c878 env->regs[R_EAX]=00000100
EAX=00000100 EBX=00010000 ECX=00000000 EDX=00000cfc
ESI=0010d000 EDI=00106434 EBP=c010c880 ESP=c010c878
EIP=c0101156 EFL=00000286 [--S--P-] CPL=0 II=0 A20=1 SMM=0 HLT=0
ES =0010 00000000 ffffffff 00cf9300 DPL=0 DS   [-WA]
CS =0008 00000000 ffffffff 00cf9a00 DPL=0 CS32 [-R-]
SS =0010 00000000 ffffffff 00cf9300 DPL=0 DS   [-WA]
DS =0010 00000000 ffffffff 00cf9300 DPL=0 DS   [-WA]
FS =0010 00000000 ffffffff 00cf9300 DPL=0 DS   [-WA]
GS =0010 00000000 ffffffff 00cf9300 DPL=0 DS   [-WA]
LDT=0000 00000000 0000ffff 00008200 DPL=0 LDT
TR =0000 00000000 0000ffff 00008b00 DPL=0 TSS32-busy
GDT=     c0107000 00000027
IDT=     c0107040 000007ff
CR0=80010011 CR2=00000000 CR3=00105000 CR4=00000000
DR0=00000000 DR1=00000000 DR2=00000000 DR3=00000000 
DR6=ffff0ff0 DR7=00000400
CCS=00000084 CCD=c010c83c CCO=EFLAGS
EFER=0000000000000000
Servicing hardware INT=0x20
     5: v=20 e=0000 i=0 cpl=0 IP=0008:c0101156 pc=c0101156 SP=0010:c010c878 env->regs[R_EAX]=00000100
EAX=00000100 EBX=00010000 ECX=00000000 EDX=00000cfc
ESI=0010d000 EDI=00106434 EBP=c010c880 ESP=c010c878
EIP=c0101156 EFL=00000286 [--S--P-] CPL=0 II=0 A20=1 SMM=0 HLT=0
ES =0010 00000000 ffffffff 00cf9300 DPL=0 DS   [-WA]
CS =0008 00000000 ffffffff 00cf9a00 DPL=0 CS32 [-R-]
SS =0010 00000000 ffffffff 00cf9300 DPL=0 DS   [-WA]
DS =0010 00000000 ffffffff 00cf9300 DPL=0 DS   [-WA]
FS =0010 00000000 ffffffff 00cf9300 DPL=0 DS   [-WA]
GS =0010 00000000 ffffffff 00cf9300 DPL=0 DS   [-WA]
LDT=0000 00000000 0000ffff 00008200 DPL=0 LDT
TR =0000 00000000 0000ffff 00008b00 DPL=0 TSS32-busy
GDT=     c0107000 00000027
IDT=     c0107040 000007ff
CR0=80010011 CR2=00000000 CR3=00105000 CR4=00000000
DR0=00000000 DR1=00000000 DR2=00000000 DR3=00000000 
DR6=ffff0ff0 DR7=00000400
CCS=00000084 CCD=c010c83c CCO=EFLAGS
EFER=0000000000000000
Servicing hardware INT=0x21
     6: v=21 e=0000 i=0 cpl=0 IP=0008:c0101156 pc=c0101156 SP=0010:c010c878 env->regs[R_EAX]=00000100
EAX=00000100 EBX=00010000 ECX=00000000 EDX=00000cfc
ESI=0010d000 EDI=00106434 EBP=c010c880 ESP=c010c878
EIP=c0101156 EFL=00000286 [--S--P-] CPL=0 II=0 A20=1 SMM=0 HLT=0
ES =0010 00000000 ffffffff 00cf9300 DPL=0 DS   [-WA]
CS =0008 00000000 ffffffff 00cf9a00 DPL=0 CS32 [-R-]
SS =0010 00000000 ffffffff 00cf9300 DPL=0 DS   [-WA]
DS =0010 00000000 ffffffff 00cf9300 DPL=0 DS   [-WA]
FS =0010 00000000 ffffffff 00cf9300 DPL=0 DS   [-WA]
GS =0010 00000000 ffffffff 00cf9300 DPL=0 DS   [-WA]
LDT=0000 00000000 0000ffff 00008200 DPL=0 LDT
TR =0000 00000000 0000ffff 00008b00 DPL=0 TSS32-busy
GDT=     c0107000 00000027
IDT=     c0107040 000007ff
CR0=80010011 CR2=00000000 CR3=00105000 CR4=00000000
DR0=00000000 DR1=00000000 DR2=00000000 DR3=00000000 
DR6=ffff0ff0 DR7=00000400
CCS=00000084 CCD=c010c83c CCO=EFLAGS
EFER=0000000000000000
Servicing hardware INT=0x20
     7: v=20 e=0000 i=0 cpl=0 IP=0008:c0101156 pc=c0101156 SP=0010:c010c878 env->regs[R_EAX]=00000100
EAX=00000100 EBX=00010000 ECX=00000000 EDX=00000cfc
ESI=0010d000 EDI=00106434 EBP=c010c880 ESP=c010c878
EIP=c0101156 EFL=00000286 [--S--P-] CPL=0 II=0 A20=1 SMM=0 HLT=0
ES =0010 00000000 ffffffff 00cf9300 DPL=0 DS   [-WA]
CS =0008 00000000 ffffffff 00cf9a00 DPL=0 CS32 [-R-]
SS =0010 00000000 ffffffff 00cf9300 DPL=0 DS   [-WA]
DS =0010 00000000 ffffffff 00cf9300 DPL=0 DS   [-WA]
FS =0010 00000000 ffffffff 00cf9300 DPL=0 DS   [-WA]
GS =0010 00000000 ffffffff 00cf9300 DPL=0 DS   [-WA]
LDT=0000 00000000 0000ffff 00008200 DPL=0 LDT
TR =0000 00000000 0000ffff 00008b00 DPL=0 TSS32-busy
GDT=     c0107000 00000027
IDT=     c0107040 000007ff
CR0=80010011 CR2=00000000 CR3=00105000 CR4=00000000
DR0=00000000 DR1=00000000 DR2=00000000 DR3=00000000 
DR6=ffff0ff0 DR7=00000400
CCS=00000084 CCD=c010c82c CCO=EFLAGS
EFER=0000000000000000
Servicing hardware INT=0x20
     8: v=20 e=0000 i=0 cpl=0 IP=0008:c0101156 pc=c0101156 SP=0010:c010c878 env->regs[R_EAX]=00000100
EAX=00000100 EBX=00010000 ECX=00000000 EDX=00000cfc
ESI=0010d000 EDI=00106434 EBP=c010c880 ESP=c010c878
EIP=c0101156 EFL=00000286 [--S--P-] CPL=0 II=0 A20=1 SMM=0 HLT=0
ES =0010 00000000 ffffffff 00cf9300 DPL=0 DS   [-WA]
CS =0008 00000000 ffffffff 00cf9a00 DPL=0 CS32 [-R-]
SS =0010 00000000 ffffffff 00cf9300 DPL=0 DS   [-WA]
DS =0010 00000000 ffffffff 00cf9300 DPL=0 DS   [-WA]
FS =0010 00000000 ffffffff 00cf9300 DPL=0 DS   [-WA]
GS =0010 00000000 ffffffff 00cf9300 DPL=0 DS   [-WA]
LDT=0000 00000000 0000ffff 00008200 DPL=0 LDT
TR =0000 00000000 0000ffff 00008b00 DPL=0 TSS32-busy
GDT=     c0107000 00000027
IDT=     c0107040 000007ff
CR0=80010011 CR2=00000000 CR3=00105000 CR4=00000000
DR0=00000000 DR1=00000000 DR2=00000000 DR3=00000000 
DR6=ffff0ff0 DR7=00000400
CCS=00000084 CCD=c010c83c CCO=EFLAGS
EFER=0000000000000000
Servicing hardware INT=0x20
     9: v=20 e=0000 i=0 cpl=0 IP=0008:c0101156 pc=c0101156 SP=0010:c010c878 env->regs[R_EAX]=00000100
EAX=00000100 EBX=00010000 ECX=00000000 EDX=00000cfc
ESI=0010d000 EDI=00106434 EBP=c010c880 ESP=c010c878
EIP=c0101156 EFL=00000286 [--S--P-] CPL=0 II=0 A20=1 SMM=0 HLT=0
ES =0010 00000000 ffffffff 00cf9300 DPL=0 DS   [-WA]
CS =0008 00000000 ffffffff 00cf9a00 DPL=0 CS32 [-R-]
SS =0010 00000000 ffffffff 00cf9300 DPL=0 DS   [-WA]
DS =0010 00000000 ffffffff 00cf9300 DPL=0 DS   [-WA]
FS =0010 00000000 ffffffff 00cf9300 DPL=0 DS   [-WA]
GS =0010 00000000 ffffffff 00cf9300 DPL=0 DS   [-WA]
LDT=0000 00000000 0000ffff 00008200 DPL=0 LDT
TR =0000 00000000 0000ffff 00008b00 DPL=0 TSS32-busy
GDT=     c0107000 00000027
IDT=     c0107040 000007ff
CR0=80010011 CR2=00000000 CR3=00105000 CR4=00000000
DR0=00000000 DR1=00000000 DR2=00000000 DR3=00000000 
DR6=ffff0ff0 DR7=00000400
CCS=00000084 CCD=c010c83c CCO=EFLAGS
EFER=0000000000000000
Servicing hardware INT=0x20
    10: v=20 e=0000 i=0 cpl=0 IP=0008:c0101156 pc=c0101156 SP=0010:c010c878 env->regs[R_EAX]=00000100
EAX=00000100 EBX=00010000 ECX=00000000 EDX=00000cfc
ESI=0010d000 EDI=00106434 EBP=c010c880 ESP=c010c878
EIP=c0101156 EFL=00000286 [--S--P-] CPL=0 II=0 A20=1 SMM=0 HLT=0
ES =0010 00000000 ffffffff 00cf9300 DPL=0 DS   [-WA]
CS =0008 00000000 ffffffff 00cf9a00 DPL=0 CS32 [-R-]
SS =0010 00000000 ffffffff 00cf9300 DPL=0 DS   [-WA]
DS =0010 00000000 ffffffff 00cf9300 DPL=0 DS   [-WA]
FS =0010 00000000 ffffffff 00cf9300 DPL=0 DS   [-WA]
GS =0010 00000000 ffffffff 00cf9300 DPL=0 DS   [-WA]
LDT=0000 00000000 0000ffff 00008200 DPL=0 LDT
TR =0000 00000000 0000ffff 00008b00 DPL=0 TSS32-busy
GDT=     c0107000 00000027
IDT=     c0107040 000007ff
CR0=80010011 CR2=00000000 CR3=00105000 CR4=00000000
DR0=00000000 DR1=00000000 DR2=00000000 DR3=00000000 
DR6=ffff0ff0 DR7=00000400
CCS=00000084 CCD=c010c83c CCO=EFLAGS
EFER=0000000000000000
Servicing hardware INT=0x21
    11: v=21 e=0000 i=0 cpl=0 IP=0008:c0101156 pc=c0101156 SP=0010:c010c878 env->regs[R_EAX]=00000100
EAX=00000100 EBX=00010000 ECX=00000000 EDX=00000cfc
ESI=0010d000 EDI=00106434 EBP=c010c880 ESP=c010c878
EIP=c0101156 EFL=00000286 [--S--P-] CPL=0 II=0 A20=1 SMM=0 HLT=0
ES =0010 00000000 ffffffff 00cf9300 DPL=0 DS   [-WA]
CS =0008 00000000 ffffffff 00cf9a00 DPL=0 CS32 [-R-]
SS =0010 00000000 ffffffff 00cf9300 DPL=0 DS   [-WA]
DS =0010 00000000 ffffffff 00cf9300 DPL=0 DS   [-WA]
FS =0010 00000000 ffffffff 00cf9300 DPL=0 DS   [-WA]
GS =0010 00000000 ffffffff 00cf9300 DPL=0 DS   [-WA]
LDT=0000 00000000 0000ffff 00008200 DPL=0 LDT
TR =0000 00000000 0000ffff 00008b00 DPL=0 TSS32-busy
GDT=     c0107000 00000027
IDT=     c0107040 000007ff
CR0=80010011 CR2=00000000 CR3=00105000 CR4=00000000
DR0=00000000 DR1=00000000 DR2=00000000 DR3=00000000 
DR6=ffff0ff0 DR7=00000400
CCS=00000084 CCD=c010c83c CCO=EFLAGS
EFER=0000000000000000
Servicing hardware INT=0x20
    12: v=20 e=0000 i=0 cpl=0 IP=0008:c0101156 pc=c0101156 SP=0010:c010c878 env->regs[R_EAX]=00000100
EAX=00000100 EBX=00010000 ECX=00000000 EDX=00000cfc
ESI=0010d000 EDI=00106434 EBP=c010c880 ESP=c010c878
EIP=c0101156 EFL=00000286 [--S--P-] CPL=0 II=0 A20=1 SMM=0 HLT=0
ES =0010 00000000 ffffffff 00cf9300 DPL=0 DS   [-WA]
CS =0008 00000000 ffffffff 00cf9a00 DPL=0 CS32 [-R-]
SS =0010 00000000 ffffffff 00cf9300 DPL=0 DS   [-WA]
DS =0010 00000000 ffffffff 00cf9300 DPL=0 DS   [-WA]
FS =0010 00000000 ffffffff 00cf9300 DPL=0 DS   [-WA]
GS =0010 00000000 ffffffff 00cf9300 DPL=0 DS   [-WA]
LDT=0000 00000000 0000ffff 00008200 DPL=0 LDT
TR =0000 00000000 0000ffff 00008b00 DPL=0 TSS32-busy
GDT=     c0107000 00000027
IDT=     c0107040 000007ff
CR0=80010011 CR2=00000000 CR3=00105000 CR4=00000000
DR0=00000000 DR1=00000000 DR2=00000000 DR3=00000000 
DR6=ffff0ff0 DR7=00000400
CCS=00000084 CCD=c010c82c CCO=EFLAGS
EFER=0000000000000000
Servicing hardware INT=0x21
    13: v=21 e=0000 i=0 cpl=0 IP=0008:c0101156 pc=c0101156 SP=0010:c010c878 env->regs[R_EAX]=00000100
EAX=00000100 EBX=00010000 ECX=00000000 EDX=00000cfc
ESI=0010d000 EDI=00106434 EBP=c010c880 ESP=c010c878
EIP=c0101156 EFL=00000286 [--S--P-] CPL=0 II=0 A20=1 SMM=0 HLT=0
ES =0010 00000000 ffffffff 00cf9300 DPL=0 DS   [-WA]
CS =0008 00000000 ffffffff 00cf9a00 DPL=0 CS32 [-R-]
SS =0010 00000000 ffffffff 00cf9300 DPL=0 DS   [-WA]
DS =0010 00000000 ffffffff 00cf9300 DPL=0 DS   [-WA]
FS =0010 00000000 ffffffff 00cf9300 DPL=0 DS   [-WA]
GS =0010 00000000 ffffffff 00cf9300 DPL=0 DS   [-WA]
LDT=0000 00000000 0000ffff 00008200 DPL=0 LDT
TR =0000 00000000 0000ffff 00008b00 DPL=0 TSS32-busy
GDT=     c0107000 00000027
IDT=     c0107040 000007ff
CR0=80010011 CR2=00000000 CR3=00105000 CR4=00000000
DR0=00000000 DR1=00000000 DR2=00000000 DR3=00000000 
DR6=ffff0ff0 DR7=00000400
CCS=00000084 CCD=c010c83c CCO=EFLAGS
EFER=0000000000000000
Servicing hardware INT=0x20
    14: v=20 e=0000 i=0 cpl=0 IP=0008:c0101156 pc=c0101156 SP=0010:c010c878 env->regs[R_EAX]=00000100
EAX=00000100 EBX=00010000 ECX=00000000 EDX=00000cfc
ESI=0010d000 EDI=00106434 EBP=c010c880 ESP=c010c878
EIP=c0101156 EFL=00000286 [--S--P-] CPL=0 II=0 A20=1 SMM=0 HLT=0
ES =0010 00000000 ffffffff 00cf9300 DPL=0 DS   [-WA]
CS =0008 00000000 ffffffff 00cf9a00 DPL=0 CS32 [-R-]
SS =0010 00000000 ffffffff 00cf9300 DPL=0 DS   [-WA]
DS =0010 00000000 ffffffff 00cf9300 DPL=0 DS   [-WA]
FS =0010 00000000 ffffffff 00cf9300 DPL=0 DS   [-WA]
GS =0010 00000000 ffffffff 00cf9300 DPL=0 DS   [-WA]
LDT=0000 00000000 0000ffff 00008200 DPL=0 LDT
TR =0000 00000000 0000ffff 00008b00 DPL=0 TSS32-busy
GDT=     c0107000 00000027
IDT=     c0107040 000007ff
CR0=80010011 CR2=00000000 CR3=00105000 CR4=00000000
DR0=00000000 DR1=00000000 DR2=00000000 DR3=00000000 
DR6=ffff0ff0 DR7=00000400
CCS=00000084 CCD=c010c82c CCO=EFLAGS
EFER=0000000000000000
Servicing hardware INT=0x21
    15: v=21 e=0000 i=0 cpl=0 IP=0008:c0101156 pc=c0101156 SP=0010:c010c878 env->regs[R_EAX]=00000100
EAX=00000100 EBX=00010000 ECX=00000000 EDX=00000cfc
ESI=0010d000 EDI=00106434 EBP=c010c880 ESP=c010c878
EIP=c0101156 EFL=00000286 [--S--P-] CPL=0 II=0 A20=1 SMM=0 HLT=0
ES =0010 00000000 ffffffff 00cf9300 DPL=0 DS   [-WA]
CS =0008 00000000 ffffffff 00cf9a00 DPL=0 CS32 [-R-]
SS =0010 00000000 ffffffff 00cf9300 DPL=0 DS   [-WA]
DS =0010 00000000 ffffffff 00cf9300 DPL=0 DS   [-WA]
FS =0010 00000000 ffffffff 00cf9300 DPL=0 DS   [-WA]
GS =0010 00000000 ffffffff 00cf9300 DPL=0 DS   [-WA]
LDT=0000 00000000 0000ffff 00008200 DPL=0 LDT
TR =0000 00000000 0000ffff 00008b00 DPL=0 TSS32-busy
GDT=     c0107000 00000027
IDT=     c0107040 000007ff
CR0=80010011 CR2=00000000 CR3=00105000 CR4=00000000
DR0=00000000 DR1=00000000 DR2=00000000 DR3=00000000 
DR6=ffff0ff0 DR7=00000400
CCS=00000084 CCD=c010c83c CCO=EFLAGS
EFER=0000000000000000
Servicing hardware INT=0x21
    16: v=21 e=0000 i=0 cpl=0 IP=0008:c0101156 pc=c0101156 SP=0010:c010c878 env->regs[R_EAX]=00000100
EAX=00000100 EBX=00010000 ECX=00000000 EDX=00000cfc
ESI=0010d000 EDI=00106434 EBP=c010c880 ESP=c010c878
EIP=c0101156 EFL=00000286 [--S--P-] CPL=0 II=0 A20=1 SMM=0 HLT=0
ES =0010 00000000 ffffffff 00cf9300 DPL=0 DS   [-WA]
CS =0008 00000000 ffffffff 00cf9a00 DPL=0 CS32 [-R-]
SS =0010 00000000 ffffffff 00cf9300 DPL=0 DS   [-WA]
DS =0010 00000000 ffffffff 00cf9300 DPL=0 DS   [-WA]
FS =0010 00000000 ffffffff 00cf9300 DPL=0 DS   [-WA]
GS =0010 00000000 ffffffff 00cf9300 DPL=0 DS   [-WA]
LDT=0000 00000000 0000ffff 00008200 DPL=0 LDT
TR =0000 00000000 0000ffff 00008b00 DPL=0 TSS32-busy
GDT=     c0107000 00000027
IDT=     c0107040 000007ff
CR0=80010011 CR2=00000000 CR3=00105000 CR4=00000000
DR0=00000000 DR1=00000000 DR2=00000000 DR3=00000000 
DR6=ffff0ff0 DR7=00000400
CCS=00000084 CCD=c010c82c CCO=EFLAGS
EFER=0000000000000000
Servicing hardware INT=0x20
    17: v=20 e=0000 i=0 cpl=0 IP=0008:c0101156 pc=c0101156 SP=0010:c010c878 env->regs[R_EAX]=00000100
EAX=00000100 EBX=00010000 ECX=00000000 EDX=00000cfc
ESI=0010d000 EDI=00106434 EBP=c010c880 ESP=c010c878
EIP=c0101156 EFL=00000286 [--S--P-] CPL=0 II=0 A20=1 SMM=0 HLT=0
ES =0010 00000000 ffffffff 00cf9300 DPL=0 DS   [-WA]
CS =0008 00000000 ffffffff 00cf9a00 DPL=0 CS32 [-R-]
SS =0010 00000000 ffffffff 00cf9300 DPL=0 DS   [-WA]
DS =0010 00000000 ffffffff 00cf9300 DPL=0 DS   [-WA]
FS =0010 00000000 ffffffff 00cf9300 DPL=0 DS   [-WA]
GS =0010 00000000 ffffffff 00cf9300 DPL=0 DS   [-WA]
LDT=0000 00000000 0000ffff 00008200 DPL=0 LDT
TR =0000 00000000 0000ffff 00008b00 DPL=0 TSS32-busy
GDT=     c0107000 00000027
IDT=     c0107040 000007ff
CR0=80010011 CR2=00000000 CR3=00105000 CR4=00000000
DR0=00000000 DR1=00000000 DR2=00000000 DR3=00000000 
DR6=ffff0ff0 DR7=00000400
CCS=00000084 CCD=c010c82c CCO=EFLAGS
EFER=0000000000000000
Servicing hardware INT=0x21
    18: v=21 e=0000 i=0 cpl=0 IP=0008:c0101156 pc=c0101156 SP=0010:c010c878 env->regs[R_EAX]=00000100
EAX=00000100 EBX=00010000 ECX=00000000 EDX=00000cfc
ESI=0010d000 EDI=00106434 EBP=c010c880 ESP=c010c878
EIP=c0101156 EFL=00000286 [--S--P-] CPL=0 II=0 A20=1 SMM=0 HLT=0
ES =0010 00000000 ffffffff 00cf9300 DPL=0 DS   [-WA]
CS =0008 00000000 ffffffff 00cf9a00 DPL=0 CS32 [-R-]
SS =0010 00000000 ffffffff 00cf9300 DPL=0 DS   [-WA]
DS =0010 00000000 ffffffff 00cf9300 DPL=0 DS   [-WA]
FS =0010 00000000 ffffffff 00cf9300 DPL=0 DS   [-WA]
GS =0010 00000000 ffffffff 00cf9300 DPL=0 DS   [-WA]
LDT=0000 00000000 0000ffff 00008200 DPL=0 LDT
TR =0000 00000000 0000ffff 00008b00 DPL=0 TSS32-busy
GDT=     c0107000 00000027
IDT=     c0107040 000007ff
CR0=80010011 CR2=00000000 CR3=00105000 CR4=00000000
DR0=00000000 DR1=00000000 DR2=00000000 DR3=00000000 
DR6=ffff0ff0 DR7=00000400
CCS=00000084 CCD=c010c83c CCO=EFLAGS
EFER=0000000000000000
Servicing hardware INT=0x20
    19: v=20 e=0000 i=0 cpl=0 IP=0008:c0101156 pc=c0101156 SP=0010:c010c878 env->regs[R_EAX]=00000100
EAX=00000100 EBX=00010000 ECX=00000000 EDX=00000cfc
ESI=0010d000 EDI=00106434 EBP=c010c880 ESP=c010c878
EIP=c0101156 EFL=00000286 [--S--P-] CPL=0 II=0 A20=1 SMM=0 HLT=0
ES =0010 00000000 ffffffff 00cf9300 DPL=0 DS   [-WA]
CS =0008 00000000 ffffffff 00cf9a00 DPL=0 CS32 [-R-]
SS =0010 00000000 ffffffff 00cf9300 DPL=0 DS   [-WA]
DS =0010 00000000 ffffffff 00cf9300 DPL=0 DS   [-WA]
FS =0010 00000000 ffffffff 00cf9300 DPL=0 DS   [-WA]
GS =0010 00000000 ffffffff 00cf9300 DPL=0 DS   [-WA]
LDT=0000 00000000 0000ffff 00008200 DPL=0 LDT
TR =0000 00000000 0000ffff 00008b00 DPL=0 TSS32-busy
GDT=     c0107000 00000027
IDT=     c0107040 000007ff
CR0=80010011 CR2=00000000 CR3=00105000 CR4=00000000
DR0=00000000 DR1=00000000 DR2=00000000 DR3=00000000 
DR6=ffff0ff0 DR7=00000400
CCS=00000084 CCD=c010c82c CCO=EFLAGS
EFER=0000000000000000
Servicing hardware INT=0x21
    20: v=21 e=0000 i=0 cpl=0 IP=0008:c0101156 pc=c0101156 SP=0010:c010c878 env->regs[R_EAX]=00000100
EAX=00000100 EBX=00010000 ECX=00000000 EDX=00000cfc
ESI=0010d000 EDI=00106434 EBP=c010c880 ESP=c010c878
EIP=c0101156 EFL=00000286 [--S--P-] CPL=0 II=0 A20=1 SMM=0 HLT=0
ES =0010 00000000 ffffffff 00cf9300 DPL=0 DS   [-WA]
CS =0008 00000000 ffffffff 00cf9a00 DPL=0 CS32 [-R-]
SS =0010 00000000 ffffffff 00cf9300 DPL=0 DS   [-WA]
DS =0010 00000000 ffffffff 00cf9300 DPL=0 DS   [-WA]
FS =0010 00000000 ffffffff 00cf9300 DPL=0 DS   [-WA]
GS =0010 00000000 ffffffff 00cf9300 DPL=0 DS   [-WA]
LDT=0000 00000000 0000ffff 00008200 DPL=0 LDT
TR =0000 00000000 0000ffff 00008b00 DPL=0 TSS32-busy
GDT=     c0107000 00000027
IDT=     c0107040 000007ff
CR0=80010011 CR2=00000000 CR3=00105000 CR4=00000000
DR0=00000000 DR1=00000000 DR2=00000000 DR3=00000000 
DR6=ffff0ff0 DR7=00000400
CCS=00000084 CCD=c010c83c CCO=EFLAGS
EFER=0000000000000000
Servicing hardware INT=0x20
    21: v=20 e=0000 i=0 cpl=0 IP=0008:c0101156 pc=c0101156 SP=0010:c010c878 env->regs[R_EAX]=00000100
EAX=00000100 EBX=00010000 ECX=00000000 EDX=00000cfc
ESI=0010d000 EDI=00106434 EBP=c010c880 ESP=c010c878
EIP=c0101156 EFL=00000286 [--S--P-] CPL=0 II=0 A20=1 SMM=0 HLT=0
ES =0010 00000000 ffffffff 00cf9300 DPL=0 DS   [-WA]
CS =0008 00000000 ffffffff 00cf9a00 DPL=0 CS32 [-R-]
SS =0010 00000000 ffffffff 00cf9300 DPL=0 DS   [-WA]
DS =0010 00000000 ffffffff 00cf9300 DPL=0 DS   [-WA]
FS =0010 00000000 ffffffff 00cf9300 DPL=0 DS   [-WA]
GS =0010 00000000 ffffffff 00cf9300 DPL=0 DS   [-WA]
LDT=0000 00000000 0000ffff 00008200 DPL=0 LDT
TR =0000 00000000 0000ffff 00008b00 DPL=0 TSS32-busy
GDT=     c0107000 00000027
IDT=     c0107040 000007ff
CR0=80010011 CR2=00000000 CR3=00105000 CR4=00000000
DR0=00000000 DR1=00000000 DR2=00000000 DR3=00000000 
DR6=ffff0ff0 DR7=00000400
CCS=00000084 CCD=c010c82c CCO=EFLAGS
EFER=0000000000000000
Servicing hardware INT=0x21
    22: v=21 e=0000 i=0 cpl=0 IP=0008:c0101156 pc=c0101156 SP=0010:c010c878 env->regs[R_EAX]=00000100
EAX=00000100 EBX=00010000 ECX=00000000 EDX=00000cfc
ESI=0010d000 EDI=00106434 EBP=c010c880 ESP=c010c878
EIP=c0101156 EFL=00000286 [--S--P-] CPL=0 II=0 A20=1 SMM=0 HLT=0
ES =0010 00000000 ffffffff 00cf9300 DPL=0 DS   [-WA]
CS =0008 00000000 ffffffff 00cf9a00 DPL=0 CS32 [-R-]
SS =0010 00000000 ffffffff 00cf9300 DPL=0 DS   [-WA]
DS =0010 00000000 ffffffff 00cf9300 DPL=0 DS   [-WA]
FS =0010 00000000 ffffffff 00cf9300 DPL=0 DS   [-WA]
GS =0010 00000000 ffffffff 00cf9300 DPL=0 DS   [-WA]
LDT=0000 00000000 0000ffff 00008200 DPL=0 LDT
TR =0000 00000000 0000ffff 00008b00 DPL=0 TSS32-busy
GDT=     c0107000 00000027
IDT=     c0107040 000007ff
CR0=80010011 CR2=00000000 CR3=00105000 CR4=00000000
DR0=00000000 DR1=00000000 DR2=00000000 DR3=00000000 
DR6=ffff0ff0 DR7=00000400
CCS=00000084 CCD=c010c83c CCO=EFLAGS
EFER=0000000000000000
Servicing hardware INT=0x20
    23: v=20 e=0000 i=0 cpl=0 IP=0008:c0101156 pc=c0101156 SP=0010:c010c878 env->regs[R_EAX]=00000100
EAX=00000100 EBX=00010000 ECX=00000000 EDX=00000cfc
ESI=0010d000 EDI=00106434 EBP=c010c880 ESP=c010c878
EIP=c0101156 EFL=00000286 [--S--P-] CPL=0 II=0 A20=1 SMM=0 HLT=0
ES =0010 00000000 ffffffff 00cf9300 DPL=0 DS   [-WA]
CS =0008 00000000 ffffffff 00cf9a00 DPL=0 CS32 [-R-]
SS =0010 00000000 ffffffff 00cf9300 DPL=0 DS   [-WA]
DS =0010 00000000 ffffffff 00cf9300 DPL=0 DS   [-WA]
FS =0010 00000000 ffffffff 00cf9300 DPL=0 DS   [-WA]
GS =0010 00000000 ffffffff 00cf9300 DPL=0 DS   [-WA]
LDT=0000 00000000 0000ffff 00008200 DPL=0 LDT
TR =0000 00000000 0000ffff 00008b00 DPL=0 TSS32-busy
GDT=     c0107000 00000027
IDT=     c0107040 000007ff
CR0=80010011 CR2=00000000 CR3=00105000 CR4=00000000
DR0=00000000 DR1=00000000 DR2=00000000 DR3=00000000 
DR6=ffff0ff0 DR7=00000400
CCS=00000084 CCD=c010c82c CCO=EFLAGS
EFER=0000000000000000
Servicing hardware INT=0x21
    24: v=21 e=0000 i=0 cpl=0 IP=0008:c0101156 pc=c0101156 SP=0010:c010c878 env->regs[R_EAX]=00000100
EAX=00000100 EBX=00010000 ECX=00000000 EDX=00000cfc
ESI=0010d000 EDI=00106434 EBP=c010c880 ESP=c010c878
EIP=c0101156 EFL=00000286 [--S--P-] CPL=0 II=0 A20=1 SMM=0 HLT=0
ES =0010 00000000 ffffffff 00cf9300 DPL=0 DS   [-WA]
CS =0008 00000000 ffffffff 00cf9a00 DPL=0 CS32 [-R-]
SS =0010 00000000 ffffffff 00cf9300 DPL=0 DS   [-WA]
DS =0010 00000000 ffffffff 00cf9300 DPL=0 DS   [-WA]
FS =0010 00000000 ffffffff 00cf9300 DPL=0 DS   [-WA]
GS =0010 00000000 ffffffff 00cf9300 DPL=0 DS   [-WA]
LDT=0000 00000000 0000ffff 00008200 DPL=0 LDT
TR =0000 00000000 0000ffff 00008b00 DPL=0 TSS32-busy
GDT=     c0107000 00000027
IDT=     c0107040 000007ff
CR0=80010011 CR2=00000000 CR3=00105000 CR4=00000000
DR0=00000000 DR1=00000000 DR2=00000000 DR3=00000000 
DR6=ffff0ff0 DR7=00000400
CCS=00000084 CCD=c010c83c CCO=EFLAGS
EFER=0000000000000000
Servicing hardware INT=0x20
    25: v=20 e=0000 i=0 cpl=0 IP=0008:c0101156 pc=c0101156 SP=0010:c010c878 env->regs[R_EAX]=00000100
EAX=00000100 EBX=00010000 ECX=00000000 EDX=00000cfc
ESI=0010d000 EDI=00106434 EBP=c010c880 ESP=c010c878
EIP=c0101156 EFL=00000286 [--S--P-] CPL=0 II=0 A20=1 SMM=0 HLT=0
ES =0010 00000000 ffffffff 00cf9300 DPL=0 DS   [-WA]
CS =0008 00000000 ffffffff 00cf9a00 DPL=0 CS32 [-R-]
SS =0010 00000000 ffffffff 00cf9300 DPL=0 DS   [-WA]
DS =0010 00000000 ffffffff 00cf9300 DPL=0 DS   [-WA]
FS =0010 00000000 ffffffff 00cf9300 DPL=0 DS   [-WA]
GS =0010 00000000 ffffffff 00cf9300 DPL=0 DS   [-WA]
LDT=0000 00000000 0000ffff 00008200 DPL=0 LDT
TR =0000 00000000 0000ffff 00008b00 DPL=0 TSS32-busy
GDT=     c0107000 00000027
IDT=     c0107040 000007ff
CR0=80010011 CR2=00000000 CR3=00105000 CR4=00000000
DR0=00000000 DR1=00000000 DR2=00000000 DR3=00000000 
DR6=ffff0ff0 DR7=00000400
CCS=00000084 CCD=c010c82c CCO=EFLAGS
EFER=0000000000000000
Servicing hardware INT=0x21
    26: v=21 e=0000 i=0 cpl=0 IP=0008:c0101156 pc=c0101156 SP=0010:c010c878 env->regs[R_EAX]=00000100
EAX=00000100 EBX=00010000 ECX=00000000 EDX=00000cfc
ESI=0010d000 EDI=00106434 EBP=c010c880 ESP=c010c878
EIP=c0101156 EFL=00000286 [--S--P-] CPL=0 II=0 A20=1 SMM=0 HLT=0
ES =0010 00000000 ffffffff 00cf9300 DPL=0 DS   [-WA]
CS =0008 00000000 ffffffff 00cf9a00 DPL=0 CS32 [-R-]
SS =0010 00000000 ffffffff 00cf9300 DPL=0 DS   [-WA]
DS =0010 00000000 ffffffff 00cf9300 DPL=0 DS   [-WA]
FS =0010 00000000 ffffffff 00cf9300 DPL=0 DS   [-WA]
GS =0010 00000000 ffffffff 00cf9300 DPL=0 DS   [-WA]
LDT=0000 00000000 0000ffff 00008200 DPL=0 LDT
TR =0000 00000000 0000ffff 00008b00 DPL=0 TSS32-busy
GDT=     c0107000 00000027
IDT=     c0107040 000007ff
CR0=80010011 CR2=00000000 CR3=00105000 CR4=00000000
DR0=00000000 DR1=00000000 DR2=00000000 DR3=00000000 
DR6=ffff0ff0 DR7=00000400
CCS=00000084 CCD=c010c83c CCO=EFLAGS
EFER=0000000000000000
Servicing hardware INT=0x20
    27: v=20 e=0000 i=0 cpl=0 IP=0008:c0101156 pc=c0101156 SP=0010:c010c878 env->regs[R_EAX]=00000100
EAX=00000100 EBX=00010000 ECX=00000000 EDX=00000cfc
ESI=0010d000 EDI=00106434 EBP=c010c880 ESP=c010c878
EIP=c0101156 EFL=00000286 [--S--P-] CPL=0 II=0 A20=1 SMM=0 HLT=0
ES =0010 00000000 ffffffff 00cf9300 DPL=0 DS   [-WA]
CS =0008 00000000 ffffffff 00cf9a00 DPL=0 CS32 [-R-]
SS =0010 00000000 ffffffff 00cf9300 DPL=0 DS   [-WA]
DS =0010 00000000 ffffffff 00cf9300 DPL=0 DS   [-WA]
FS =0010 00000000 ffffffff 00cf9300 DPL=0 DS   [-WA]
GS =0010 00000000 ffffffff 00cf9300 DPL=0 DS   [-WA]
LDT=0000 00000000 0000ffff 00008200 DPL=0 LDT
TR =0000 00000000 0000ffff 00008b00 DPL=0 TSS32-busy
GDT=     c0107000 00000027
IDT=     c0107040 000007ff
CR0=80010011 CR2=00000000 CR3=00105000 CR4=00000000
DR0=00000000 DR1=00000000 DR2=00000000 DR3=00000000 
DR6=ffff0ff0 DR7=00000400
CCS=00000084 CCD=c010c82c CCO=EFLAGS
EFER=0000000000000000
Servicing hardware INT=0x21
    28: v=21 e=0000 i=0 cpl=0 IP=0008:c0101156 pc=c0101156 SP=0010:c010c878 env->regs[R_EAX]=00000100
EAX=00000100 EBX=00010000 ECX=00000000 EDX=00000cfc
ESI=0010d000 EDI=00106434 EBP=c010c880 ESP=c010c878
EIP=c0101156 EFL=00000286 [--S--P-] CPL=0 II=0 A20=1 SMM=0 HLT=0
ES =0010 00000000 ffffffff 00cf9300 DPL=0 DS   [-WA]
CS =0008 00000000 ffffffff 00cf9a00 DPL=0 CS32 [-R-]
SS =0010 00000000 ffffffff 00cf9300 DPL=0 DS   [-WA]
DS =0010 00000000 ffffffff 00cf9300 DPL=0 DS   [-WA]
FS =0010 00000000 ffffffff 00cf9300 DPL=0 DS   [-WA]
GS =0010 00000000 ffffffff 00cf9300 DPL=0 DS   [-WA]
LDT=0000 00000000 0000ffff 00008200 DPL=0 LDT
TR =0000 00000000 0000ffff 00008b00 DPL=0 TSS32-busy
GDT=     c0107000 00000027
IDT=     c0107040 000007ff
CR0=80010011 CR2=00000000 CR3=00105000 CR4=00000000
DR0=00000000 DR1=00000000 DR2=00000000 DR3=00000000 
DR6=ffff0ff0 DR7=00000400
CCS=00000084 CCD=c010c83c CCO=EFLAGS
EFER=0000000000000000
Servicing hardware INT=0x20
    29: v=20 e=0000 i=0 cpl=0 IP=0008:c0101156 pc=c0101156 SP=0010:c010c878 env->regs[R_EAX]=00000100
EAX=00000100 EBX=00010000 ECX=00000000 EDX=00000cfc
ESI=0010d000 EDI=00106434 EBP=c010c880 ESP=c010c878
EIP=c0101156 EFL=00000286 [--S--P-] CPL=0 II=0 A20=1 SMM=0 HLT=0
ES =0010 00000000 ffffffff 00cf9300 DPL=0 DS   [-WA]
CS =0008 00000000 ffffffff 00cf9a00 DPL=0 CS32 [-R-]
SS =0010 00000000 ffffffff 00cf9300 DPL=0 DS   [-WA]
DS =0010 00000000 ffffffff 00cf9300 DPL=0 DS   [-WA]
FS =0010 00000000 ffffffff 00cf9300 DPL=0 DS   [-WA]
GS =0010 00000000 ffffffff 00cf9300 DPL=0 DS   [-WA]
LDT=0000 00000000 0000ffff 00008200 DPL=0 LDT
TR =0000 00000000 0000ffff 00008b00 DPL=0 TSS32-busy
GDT=     c0107000 00000027
IDT=     c0107040 000007ff
CR0=80010011 CR2=00000000 CR3=00105000 CR4=00000000
DR0=00000000 DR1=00000000 DR2=00000000 DR3=00000000 
DR6=ffff0ff0 DR7=00000400
CCS=00000084 CCD=c010c82c CCO=EFLAGS
EFER=0000000000000000
Servicing hardware INT=0x21
    30: v=21 e=0000 i=0 cpl=0 IP=0008:c0101156 pc=c0101156 SP=0010:c010c878 env->regs[R_EAX]=00000100
EAX=00000100 EBX=00010000 ECX=00000000 EDX=00000cfc
ESI=0010d000 EDI=00106434 EBP=c010c880 ESP=c010c878
EIP=c0101156 EFL=00000286 [--S--P-] CPL=0 II=0 A20=1 SMM=0 HLT=0
ES =0010 00000000 ffffffff 00cf9300 DPL=0 DS   [-WA]
CS =0008 00000000 ffffffff 00cf9a00 DPL=0 CS32 [-R-]
SS =0010 00000000 ffffffff 00cf9300 DPL=0 DS   [-WA]
DS =0010 00000000 ffffffff 00cf9300 DPL=0 DS   [-WA]
FS =0010 00000000 ffffffff 00cf9300 DPL=0 DS   [-WA]
GS =0010 00000000 ffffffff 00cf9300 DPL=0 DS   [-WA]
LDT=0000 00000000 0000ffff 00008200 DPL=0 LDT
TR =0000 00000000 0000ffff 00008b00 DPL=0 TSS32-busy
GDT=     c0107000 00000027
IDT=     c0107040 000007ff
CR0=80010011 CR2=00000000 CR3=00105000 CR4=00000000
DR0=00000000 DR1=00000000 DR2=00000000 DR3=00000000 
DR6=ffff0ff0 DR7=00000400
CCS=00000084 CCD=c010c83c CCO=EFLAGS
EFER=0000000000000000
Servicing hardware INT=0x21
    31: v=21 e=0000 i=0 cpl=0 IP=0008:c0101156 pc=c0101156 SP=0010:c010c878 env->regs[R_EAX]=00000100
EAX=00000100 EBX=00010000 ECX=00000000 EDX=00000cfc
ESI=0010d000 EDI=00106434 EBP=c010c880 ESP=c010c878
EIP=c0101156 EFL=00000286 [--S--P-] CPL=0 II=0 A20=1 SMM=0 HLT=0
ES =0010 00000000 ffffffff 00cf9300 DPL=0 DS   [-WA]
CS =0008 00000000 ffffffff 00cf9a00 DPL=0 CS32 [-R-]
SS =0010 00000000 ffffffff 00cf9300 DPL=0 DS   [-WA]
DS =0010 00000000 ffffffff 00cf9300 DPL=0 DS   [-WA]
FS =0010 00000000 ffffffff 00cf9300 DPL=0 DS   [-WA]
GS =0010 00000000 ffffffff 00cf9300 DPL=0 DS   [-WA]
LDT=0000 00000000 0000ffff 00008200 DPL=0 LDT
TR =0000 00000000 0000ffff 00008b00 DPL=0 TSS32-busy
GDT=     c0107000 00000027
IDT=     c0107040 000007ff
CR0=80010011 CR2=00000000 CR3=00105000 CR4=00000000
DR0=00000000 DR1=00000000 DR2=00000000 DR3=00000000 
DR6=ffff0ff0 DR7=00000400
CCS=00000084 CCD=c010c82c CCO=EFLAGS
EFER=0000000000000000
Servicing hardware INT=0x20
    32: v=20 e=0000 i=0 cpl=0 IP=0008:c0101156 pc=c0101156 SP=0010:c010c878 env->regs[R_EAX]=00000100
EAX=00000100 EBX=00010000 ECX=00000000 EDX=00000cfc
ESI=0010d000 EDI=00106434 EBP=c010c880 ESP=c010c878
EIP=c0101156 EFL=00000286 [--S--P-] CPL=0 II=0 A20=1 SMM=0 HLT=0
ES =0010 00000000 ffffffff 00cf9300 DPL=0 DS   [-WA]
CS =0008 00000000 ffffffff 00cf9a00 DPL=0 CS32 [-R-]
SS =0010 00000000 ffffffff 00cf9300 DPL=0 DS   [-WA]
DS =0010 00000000 ffffffff 00cf9300 DPL=0 DS   [-WA]
FS =0010 00000000 ffffffff 00cf9300 DPL=0 DS   [-WA]
GS =0010 00000000 ffffffff 00cf9300 DPL=0 DS   [-WA]
LDT=0000 00000000 0000ffff 00008200 DPL=0 LDT
TR =0000 00000000 0000ffff 00008b00 DPL=0 TSS32-busy
GDT=     c0107000 00000027
IDT=     c0107040 000007ff
CR0=80010011 CR2=00000000 CR3=00105000 CR4=00000000
DR0=00000000 DR1=00000000 DR2=00000000 DR3=00000000 
DR6=ffff0ff0 DR7=00000400
CCS=00000084 CCD=c010c82c CCO=EFLAGS
EFER=0000000000000000
Servicing hardware INT=0x21
    33: v=21 e=0000 i=0 cpl=0 IP=0008:c0101156 pc=c0101156 SP=0010:c010c878 env->regs[R_EAX]=00000100
EAX=00000100 EBX=00010000 ECX=00000000 EDX=00000cfc
ESI=0010d000 EDI=00106434 EBP=c010c880 ESP=c010c878
EIP=c0101156 EFL=00000286 [--S--P-] CPL=0 II=0 A20=1 SMM=0 HLT=0
ES =0010 00000000 ffffffff 00cf9300 DPL=0 DS   [-WA]
CS =0008 00000000 ffffffff 00cf9a00 DPL=0 CS32 [-R-]
SS =0010 00000000 ffffffff 00cf9300 DPL=0 DS   [-WA]
DS =0010 00000000 ffffffff 00cf9300 DPL=0 DS   [-WA]
FS =0010 00000000 ffffffff 00cf9300 DPL=0 DS   [-WA]
GS =0010 00000000 ffffffff 00cf9300 DPL=0 DS   [-WA]
LDT=0000 00000000 0000ffff 00008200 DPL=0 LDT
TR =0000 00000000 0000ffff 00008b00 DPL=0 TSS32-busy
GDT=     c0107000 00000027
IDT=     c0107040 000007ff
CR0=80010011 CR2=00000000 CR3=00105000 CR4=00000000
DR0=00000000 DR1=00000000 DR2=00000000 DR3=00000000 
DR6=ffff0ff0 DR7=00000400
CCS=00000084 CCD=c010c83c CCO=EFLAGS
EFER=0000000000000000
Servicing hardware INT=0x21
    34: v=21 e=0000 i=0 cpl=0 IP=0008:c0101156 pc=c0101156 SP=0010:c010c878 env->regs[R_EAX]=00000100
EAX=00000100 EBX=00010000 ECX=00000000 EDX=00000cfc
ESI=0010d000 EDI=00106434 EBP=c010c880 ESP=c010c878
EIP=c0101156 EFL=00000286 [--S--P-] CPL=0 II=0 A20=1 SMM=0 HLT=0
ES =0010 00000000 ffffffff 00cf9300 DPL=0 DS   [-WA]
CS =0008 00000000 ffffffff 00cf9a00 DPL=0 CS32 [-R-]
SS =0010 00000000 ffffffff 00cf9300 DPL=0 DS   [-WA]
DS =0010 00000000 ffffffff 00cf9300 DPL=0 DS   [-WA]
FS =0010 00000000 ffffffff 00cf9300 DPL=0 DS   [-WA]
GS =0010 00000000 ffffffff 00cf9300 DPL=0 DS   [-WA]
LDT=0000 00000000 0000ffff 00008200 DPL=0 LDT
TR =0000 00000000 0000ffff 00008b00 DPL=0 TSS32-busy
GDT=     c0107000 00000027
IDT=     c0107040 000007ff
CR0=80010011 CR2=00000000 CR3=00105000 CR4=00000000
DR0=00000000 DR1=00000000 DR2=00000000 DR3=00000000 
DR6=ffff0ff0 DR7=00000400
CCS=00000084 CCD=c010c82c CCO=EFLAGS
EFER=0000000000000000
Servicing hardware INT=0x20
    35: v=20 e=0000 i=0 cpl=0 IP=0008:c0101156 pc=c0101156 SP=0010:c010c878 env->regs[R_EAX]=00000100
EAX=00000100 EBX=00010000 ECX=00000000 EDX=00000cfc
ESI=0010d000 EDI=00106434 EBP=c010c880 ESP=c010c878
EIP=c0101156 EFL=00000286 [--S--P-] CPL=0 II=0 A20=1 SMM=0 HLT=0
ES =0010 00000000 ffffffff 00cf9300 DPL=0 DS   [-WA]
CS =0008 00000000 ffffffff 00cf9a00 DPL=0 CS32 [-R-]
SS =0010 00000000 ffffffff 00cf9300 DPL=0 DS   [-WA]
DS =0010 00000000 ffffffff 00cf9300 DPL=0 DS   [-WA]
FS =0010 00000000 ffffffff 00cf9300 DPL=0 DS   [-WA]
GS =0010 00000000 ffffffff 00cf9300 DPL=0 DS   [-WA]
LDT=0000 00000000 0000ffff 00008200 DPL=0 LDT
TR =0000 00000000 0000ffff 00008b00 DPL=0 TSS32-busy
GDT=     c0107000 00000027
IDT=     c0107040 000007ff
CR0=80010011 CR2=00000000 CR3=00105000 CR4=00000000
DR0=00000000 DR1=00000000 DR2=00000000 DR3=00000000 
DR6=ffff0ff0 DR7=00000400
CCS=00000084 CCD=c010c82c CCO=EFLAGS
EFER=0000000000000000
Servicing hardware INT=0x20
    36: v=20 e=0000 i=0 cpl=0 IP=0008:c0101156 pc=c0101156 SP=0010:c010c878 env->regs[R_EAX]=00000100
EAX=00000100 EBX=00010000 ECX=00000000 EDX=00000cfc
ESI=0010d000 EDI=00106434 EBP=c010c880 ESP=c010c878
EIP=c0101156 EFL=00000286 [--S--P-] CPL=0 II=0 A20=1 SMM=0 HLT=0
ES =0010 00000000 ffffffff 00cf9300 DPL=0 DS   [-WA]
CS =0008 00000000 ffffffff 00cf9a00 DPL=0 CS32 [-R-]
SS =0010 00000000 ffffffff 00cf9300 DPL=0 DS   [-WA]
DS =0010 00000000 ffffffff 00cf9300 DPL=0 DS   [-WA]
FS =0010 00000000 ffffffff 00cf9300 DPL=0 DS   [-WA]
GS =0010 00000000 ffffffff 00cf9300 DPL=0 DS   [-WA]
LDT=0000 00000000 0000ffff 00008200 DPL=0 LDT
TR =0000 00000000 0000ffff 00008b00 DPL=0 TSS32-busy
GDT=     c0107000 00000027
IDT=     c0107040 000007ff
CR0=80010011 CR2=00000000 CR3=00105000 CR4=00000000
DR0=00000000 DR1=00000000 DR2=00000000 DR3=00000000 
DR6=ffff0ff0 DR7=00000400
CCS=00000084 CCD=c010c83c CCO=EFLAGS
EFER=0000000000000000
Servicing hardware INT=0x21
    37: v=21 e=0000 i=0 cpl=0 IP=0008:c0101156 pc=c0101156 SP=0010:c010c878 env->regs[R_EAX]=00000100
EAX=00000100 EBX=00010000 ECX=00000000 EDX=00000cfc
ESI=0010d000 EDI=00106434 EBP=c010c880 ESP=c010c878
EIP=c0101156 EFL=00000286 [--S--P-] CPL=0 II=0 A20=1 SMM=0 HLT=0
ES =0010 00000000 ffffffff 00cf9300 DPL=0 DS   [-WA]
CS =0008 00000000 ffffffff 00cf9a00 DPL=0 CS32 [-R-]
SS =0010 00000000 ffffffff 00cf9300 DPL=0 DS   [-WA]
DS =0010 00000000 ffffffff 00cf9300 DPL=0 DS   [-WA]
FS =0010 00000000 ffffffff 00cf9300 DPL=0 DS   [-WA]
GS =0010 00000000 ffffffff 00cf9300 DPL=0 DS   [-WA]
LDT=0000 00000000 0000ffff 00008200 DPL=0 LDT
TR =0000 00000000 0000ffff 00008b00 DPL=0 TSS32-busy
GDT=     c0107000 00000027
IDT=     c0107040 000007ff
CR0=80010011 CR2=00000000 CR3=00105000 CR4=00000000
DR0=00000000 DR1=00000000 DR2=00000000 DR3=00000000 
DR6=ffff0ff0 DR7=00000400
CCS=00000084 CCD=c010c83c CCO=EFLAGS
EFER=0000000000000000
Servicing hardware INT=0x21
    38: v=21 e=0000 i=0 cpl=0 IP=0008:c0101156 pc=c0101156 SP=0010:c010c878 env->regs[R_EAX]=00000100
EAX=00000100 EBX=00010000 ECX=00000000 EDX=00000cfc
ESI=0010d000 EDI=00106434 EBP=c010c880 ESP=c010c878
EIP=c0101156 EFL=00000286 [--S--P-] CPL=0 II=0 A20=1 SMM=0 HLT=0
ES =0010 00000000 ffffffff 00cf9300 DPL=0 DS   [-WA]
CS =0008 00000000 ffffffff 00cf9a00 DPL=0 CS32 [-R-]
SS =0010 00000000 ffffffff 00cf9300 DPL=0 DS   [-WA]
DS =0010 00000000 ffffffff 00cf9300 DPL=0 DS   [-WA]
FS =0010 00000000 ffffffff 00cf9300 DPL=0 DS   [-WA]
GS =0010 00000000 ffffffff 00cf9300 DPL=0 DS   [-WA]
LDT=0000 00000000 0000ffff 00008200 DPL=0 LDT
TR =0000 00000000 0000ffff 00008b00 DPL=0 TSS32-busy
GDT=     c0107000 00000027
IDT=     c0107040 000007ff
CR0=80010011 CR2=00000000 CR3=00105000 CR4=00000000
DR0=00000000 DR1=00000000 DR2=00000000 DR3=00000000 
DR6=ffff0ff0 DR7=00000400
CCS=00000084 CCD=c010c82c CCO=EFLAGS
EFER=0000000000000000
Servicing hardware INT=0x20
    39: v=20 e=0000 i=0 cpl=0 IP=0008:c0101156 pc=c0101156 SP=0010:c010c878 env->regs[R_EAX]=00000100
EAX=00000100 EBX=00010000 ECX=00000000 EDX=00000cfc
ESI=0010d000 EDI=00106434 EBP=c010c880 ESP=c010c878
EIP=c0101156 EFL=00000286 [--S--P-] CPL=0 II=0 A20=1 SMM=0 HLT=0
ES =0010 00000000 ffffffff 00cf9300 DPL=0 DS   [-WA]
CS =0008 00000000 ffffffff 00cf9a00 DPL=0 CS32 [-R-]
SS =0010 00000000 ffffffff 00cf9300 DPL=0 DS   [-WA]
DS =0010 00000000 ffffffff 00cf9300 DPL=0 DS   [-WA]
FS =0010 00000000 ffffffff 00cf9300 DPL=0 DS   [-WA]
GS =0010 00000000 ffffffff 00cf9300 DPL=0 DS   [-WA]
LDT=0000 00000000 0000ffff 00008200 DPL=0 LDT
TR =0000 00000000 0000ffff 00008b00 DPL=0 TSS32-busy
GDT=     c0107000 00000027
IDT=     c0107040 000007ff
CR0=80010011 CR2=00000000 CR3=00105000 CR4=00000000
DR0=00000000 DR1=00000000 DR2=00000000 DR3=00000000 
DR6=ffff0ff0 DR7=00000400
CCS=00000084 CCD=c010c82c CCO=EFLAGS
EFER=0000000000000000
Servicing hardware INT=0x21
    40: v=21 e=0000 i=0 cpl=0 IP=0008:c0101156 pc=c0101156 SP=0010:c010c878 env->regs[R_EAX]=00000100
EAX=00000100 EBX=00010000 ECX=00000000 EDX=00000cfc
ESI=0010d000 EDI=00106434 EBP=c010c880 ESP=c010c878
EIP=c0101156 EFL=00000286 [--S--P-] CPL=0 II=0 A20=1 SMM=0 HLT=0
ES =0010 00000000 ffffffff 00cf9300 DPL=0 DS   [-WA]
CS =0008 00000000 ffffffff 00cf9a00 DPL=0 CS32 [-R-]
SS =0010 00000000 ffffffff 00cf9300 DPL=0 DS   [-WA]
DS =0010 00000000 ffffffff 00cf9300 DPL=0 DS   [-WA]
FS =0010 00000000 ffffffff 00cf9300 DPL=0 DS   [-WA]
GS =0010 00000000 ffffffff 00cf9300 DPL=0 DS   [-WA]
LDT=0000 00000000 0000ffff 00008200 DPL=0 LDT
TR =0000 00000000 0000ffff 00008b00 DPL=0 TSS32-busy
GDT=     c0107000 00000027
IDT=     c0107040 000007ff
CR0=80010011 CR2=00000000 CR3=00105000 CR4=00000000
DR0=00000000 DR1=00000000 DR2=00000000 DR3=00000000 
DR6=ffff0ff0 DR7=00000400
CCS=00000084 CCD=c010c83c CCO=EFLAGS
EFER=0000000000000000
Servicing hardware INT=0x21
    41: v=21 e=0000 i=0 cpl=0 IP=0008:c0101156 pc=c0101156 SP=0010:c010c878 env->regs[R_EAX]=00000100
EAX=00000100 EBX=00010000 ECX=00000000 EDX=00000cfc
ESI=0010d000 EDI=00106434 EBP=c010c880 ESP=c010c878
EIP=c0101156 EFL=00000286 [--S--P-] CPL=0 II=0 A20=1 SMM=0 HLT=0
ES =0010 00000000 ffffffff 00cf9300 DPL=0 DS   [-WA]
CS =0008 00000000 ffffffff 00cf9a00 DPL=0 CS32 [-R-]
SS =0010 00000000 ffffffff 00cf9300 DPL=0 DS   [-WA]
DS =0010 00000000 ffffffff 00cf9300 DPL=0 DS   [-WA]
FS =0010 00000000 ffffffff 00cf9300 DPL=0 DS   [-WA]
GS =0010 00000000 ffffffff 00cf9300 DPL=0 DS   [-WA]
LDT=0000 00000000 0000ffff 00008200 DPL=0 LDT
TR =0000 00000000 0000ffff 00008b00 DPL=0 TSS32-busy
GDT=     c0107000 00000027
IDT=     c0107040 000007ff
CR0=80010011 CR2=00000000 CR3=00105000 CR4=00000000
DR0=00000000 DR1=00000000 DR2=00000000 DR3=00000000 
DR6=ffff0ff0 DR7=00000400
CCS=00000084 CCD=c010c82c CCO=EFLAGS
EFER=0000000000000000
Servicing hardware INT=0x20
    42: v=20 e=0000 i=0 cpl=0 IP=0008:c0101156 pc=c0101156 SP=0010:c010c878 env->regs[R_EAX]=00000100
EAX=00000100 EBX=00010000 ECX=00000000 EDX=00000cfc
ESI=0010d000 EDI=00106434 EBP=c010c880 ESP=c010c878
EIP=c0101156 EFL=00000286 [--S--P-] CPL=0 II=0 A20=1 SMM=0 HLT=0
ES =0010 00000000 ffffffff 00cf9300 DPL=0 DS   [-WA]
CS =0008 00000000 ffffffff 00cf9a00 DPL=0 CS32 [-R-]
SS =0010 00000000 ffffffff 00cf9300 DPL=0 DS   [-WA]
DS =0010 00000000 ffffffff 00cf9300 DPL=0 DS   [-WA]
FS =0010 00000000 ffffffff 00cf9300 DPL=0 DS   [-WA]
GS =0010 00000000 ffffffff 00cf9300 DPL=0 DS   [-WA]
LDT=0000 00000000 0000ffff 00008200 DPL=0 LDT
TR =0000 00000000 0000ffff 00008b00 DPL=0 TSS32-busy
GDT=     c0107000 00000027
IDT=     c0107040 000007ff
CR0=80010011 CR2=00000000 CR3=00105000 CR4=00000000
DR0=00000000 DR1=00000000 DR2=00000000 DR3=00000000 
DR6=ffff0ff0 DR7=00000400
CCS=00000084 CCD=c010c82c CCO=EFLAGS
EFER=0000000000000000
Servicing hardware INT=0x21
    43: v=21 e=0000 i=0 cpl=0 IP=0008:c0101156 pc=c0101156 SP=0010:c010c878 env->regs[R_EAX]=00000100
EAX=00000100 EBX=00010000 ECX=00000000 EDX=00000cfc
ESI=0010d000 EDI=00106434 EBP=c010c880 ESP=c010c878
EIP=c0101156 EFL=00000286 [--S--P-] CPL=0 II=0 A20=1 SMM=0 HLT=0
ES =0010 00000000 ffffffff 00cf9300 DPL=0 DS   [-WA]
CS =0008 00000000 ffffffff 00cf9a00 DPL=0 CS32 [-R-]
SS =0010 00000000 ffffffff 00cf9300 DPL=0 DS   [-WA]
DS =0010 00000000 ffffffff 00cf9300 DPL=0 DS   [-WA]
FS =0010 00000000 ffffffff 00cf9300 DPL=0 DS   [-WA]
GS =0010 00000000 ffffffff 00cf9300 DPL=0 DS   [-WA]
LDT=0000 00000000 0000ffff 00008200 DPL=0 LDT
TR =0000 00000000 0000ffff 00008b00 DPL=0 TSS32-busy
GDT=     c0107000 00000027
IDT=     c0107040 000007ff
CR0=80010011 CR2=00000000 CR3=00105000 CR4=00000000
DR0=00000000 DR1=00000000 DR2=00000000 DR3=00000000 
DR6=ffff0ff0 DR7=00000400
CCS=00000084 CCD=c010c83c CCO=EFLAGS
EFER=0000000000000000
Servicing hardware INT=0x20
    44: v=20 e=0000 i=0 cpl=0 IP=0008:c0101156 pc=c0101156 SP=0010:c010c878 env->regs[R_EAX]=00000100
EAX=00000100 EBX=00010000 ECX=00000000 EDX=00000cfc
ESI=0010d000 EDI=00106434 EBP=c010c880 ESP=c010c878
EIP=c0101156 EFL=00000286 [--S--P-] CPL=0 II=0 A20=1 SMM=0 HLT=0
ES =0010 00000000 ffffffff 00cf9300 DPL=0 DS   [-WA]
CS =0008 00000000 ffffffff 00cf9a00 DPL=0 CS32 [-R-]
SS =0010 00000000 ffffffff 00cf9300 DPL=0 DS   [-WA]
DS =0010 00000000 ffffffff 00cf9300 DPL=0 DS   [-WA]
FS =0010 00000000 ffffffff 00cf9300 DPL=0 DS   [-WA]
GS =0010 00000000 ffffffff 00cf9300 DPL=0 DS   [-WA]
LDT=0000 00000000 0000ffff 00008200 DPL=0 LDT
TR =0000 00000000 0000ffff 00008b00 DPL=0 TSS32-busy
GDT=     c0107000 00000027
IDT=     c0107040 000007ff
CR0=80010011 CR2=00000000 CR3=00105000 CR4=00000000
DR0=00000000 DR1=00000000 DR2=00000000 DR3=00000000 
DR6=ffff0ff0 DR7=00000400
CCS=00000084 CCD=c010c82c CCO=EFLAGS
EFER=0000000000000000
Servicing hardware INT=0x21
    45: v=21 e=0000 i=0 cpl=0 IP=0008:c0101156 pc=c0101156 SP=0010:c010c878 env->regs[R_EAX]=00000100
EAX=00000100 EBX=00010000 ECX=00000000 EDX=00000cfc
ESI=0010d000 EDI=00106434 EBP=c010c880 ESP=c010c878
EIP=c0101156 EFL=00000286 [--S--P-] CPL=0 II=0 A20=1 SMM=0 HLT=0
ES =0010 00000000 ffffffff 00cf9300 DPL=0 DS   [-WA]
CS =0008 00000000 ffffffff 00cf9a00 DPL=0 CS32 [-R-]
SS =0010 00000000 ffffffff 00cf9300 DPL=0 DS   [-WA]
DS =0010 00000000 ffffffff 00cf9300 DPL=0 DS   [-WA]
FS =0010 00000000 ffffffff 00cf9300 DPL=0 DS   [-WA]
GS =0010 00000000 ffffffff 00cf9300 DPL=0 DS   [-WA]
LDT=0000 00000000 0000ffff 00008200 DPL=0 LDT
TR =0000 00000000 0000ffff 00008b00 DPL=0 TSS32-busy
GDT=     c0107000 00000027
IDT=     c0107040 000007ff
CR0=80010011 CR2=00000000 CR3=00105000 CR4=00000000
DR0=00000000 DR1=00000000 DR2=00000000 DR3=00000000 
DR6=ffff0ff0 DR7=00000400
CCS=00000084 CCD=c010c83c CCO=EFLAGS
EFER=0000000000000000
Servicing hardware INT=0x21
    46: v=21 e=0000 i=0 cpl=0 IP=0008:c0101156 pc=c0101156 SP=0010:c010c878 env->regs[R_EAX]=00000100
EAX=00000100 EBX=00010000 ECX=00000000 EDX=00000cfc
ESI=0010d000 EDI=00106434 EBP=c010c880 ESP=c010c878
EIP=c0101156 EFL=00000286 [--S--P-] CPL=0 II=0 A20=1 SMM=0 HLT=0
ES =0010 00000000 ffffffff 00cf9300 DPL=0 DS   [-WA]
CS =0008 00000000 ffffffff 00cf9a00 DPL=0 CS32 [-R-]
SS =0010 00000000 ffffffff 00cf9300 DPL=0 DS   [-WA]
DS =0010 00000000 ffffffff 00cf9300 DPL=0 DS   [-WA]
FS =0010 00000000 ffffffff 00cf9300 DPL=0 DS   [-WA]
GS =0010 00000000 ffffffff 00cf9300 DPL=0 DS   [-WA]
LDT=0000 00000000 0000ffff 00008200 DPL=0 LDT
TR =0000 00000000 0000ffff 00008b00 DPL=0 TSS32-busy
GDT=     c0107000 00000027
IDT=     c0107040 000007ff
CR0=80010011 CR2=00000000 CR3=00105000 CR4=00000000
DR0=00000000 DR1=00000000 DR2=00000000 DR3=00000000 
DR6=ffff0ff0 DR7=00000400
CCS=00000084 CCD=c010c82c CCO=EFLAGS
EFER=0000000000000000
Servicing hardware INT=0x20
    47: v=20 e=0000 i=0 cpl=0 IP=0008:c0101156 pc=c0101156 SP=0010:c010c878 env->regs[R_EAX]=00000100
EAX=00000100 EBX=00010000 ECX=00000000 EDX=00000cfc
ESI=0010d000 EDI=00106434 EBP=c010c880 ESP=c010c878
EIP=c0101156 EFL=00000286 [--S--P-] CPL=0 II=0 A20=1 SMM=0 HLT=0
ES =0010 00000000 ffffffff 00cf9300 DPL=0 DS   [-WA]
CS =0008 00000000 ffffffff 00cf9a00 DPL=0 CS32 [-R-]
SS =0010 00000000 ffffffff 00cf9300 DPL=0 DS   [-WA]
DS =0010 00000000 ffffffff 00cf9300 DPL=0 DS   [-WA]
FS =0010 00000000 ffffffff 00cf9300 DPL=0 DS   [-WA]
GS =0010 00000000 ffffffff 00cf9300 DPL=0 DS   [-WA]
LDT=0000 00000000 0000ffff 00008200 DPL=0 LDT
TR =0000 00000000 0000ffff 00008b00 DPL=0 TSS32-busy
GDT=     c0107000 00000027
IDT=     c0107040 000007ff
CR0=80010011 CR2=00000000 CR3=00105000 CR4=00000000
DR0=00000000 DR1=00000000 DR2=00000000 DR3=00000000 
DR6=ffff0ff0 DR7=00000400
CCS=00000084 CCD=c010c82c CCO=EFLAGS
EFER=0000000000000000
Servicing hardware INT=0x21
    48: v=21 e=0000 i=0 cpl=0 IP=0008:c0101156 pc=c0101156 SP=0010:c010c878 env->regs[R_EAX]=00000100
EAX=00000100 EBX=00010000 ECX=00000000 EDX=00000cfc
ESI=0010d000 EDI=00106434 EBP=c010c880 ESP=c010c878
EIP=c0101156 EFL=00000286 [--S--P-] CPL=0 II=0 A20=1 SMM=0 HLT=0
ES =0010 00000000 ffffffff 00cf9300 DPL=0 DS   [-WA]
CS =0008 00000000 ffffffff 00cf9a00 DPL=0 CS32 [-R-]
SS =0010 00000000 ffffffff 00cf9300 DPL=0 DS   [-WA]
DS =0010 00000000 ffffffff 00cf9300 DPL=0 DS   [-WA]
FS =0010 00000000 ffffffff 00cf9300 DPL=0 DS   [-WA]
GS =0010 00000000 ffffffff 00cf9300 DPL=0 DS   [-WA]
LDT=0000 00000000 0000ffff 00008200 DPL=0 LDT
TR =0000 00000000 0000ffff 00008b00 DPL=0 TSS32-busy
GDT=     c0107000 00000027
IDT=     c0107040 000007ff
CR0=80010011 CR2=00000000 CR3=00105000 CR4=00000000
DR0=00000000 DR1=00000000 DR2=00000000 DR3=00000000 
DR6=ffff0ff0 DR7=00000400
CCS=00000084 CCD=c010c83c CCO=EFLAGS
EFER=0000000000000000
Servicing hardware INT=0x20
    49: v=20 e=0000 i=0 cpl=0 IP=0008:c0101156 pc=c0101156 SP=0010:c010c878 env->regs[R_EAX]=00000100
EAX=00000100 EBX=00010000 ECX=00000000 EDX=00000cfc
ESI=0010d000 EDI=00106434 EBP=c010c880 ESP=c010c878
EIP=c0101156 EFL=00000286 [--S--P-] CPL=0 II=0 A20=1 SMM=0 HLT=0
ES =0010 00000000 ffffffff 00cf9300 DPL=0 DS   [-WA]
CS =0008 00000000 ffffffff 00cf9a00 DPL=0 CS32 [-R-]
SS =0010 00000000 ffffffff 00cf9300 DPL=0 DS   [-WA]
DS =0010 00000000 ffffffff 00cf9300 DPL=0 DS   [-WA]
FS =0010 00000000 ffffffff 00cf9300 DPL=0 DS   [-WA]
GS =0010 00000000 ffffffff 00cf9300 DPL=0 DS   [-WA]
LDT=0000 00000000 0000ffff 00008200 DPL=0 LDT
TR =0000 00000000 0000ffff 00008b00 DPL=0 TSS32-busy
GDT=     c0107000 00000027
IDT=     c0107040 000007ff
CR0=80010011 CR2=00000000 CR3=00105000 CR4=00000000
DR0=00000000 DR1=00000000 DR2=00000000 DR3=00000000 
DR6=ffff0ff0 DR7=00000400
CCS=00000084 CCD=c010c82c CCO=EFLAGS
EFER=0000000000000000
Servicing hardware INT=0x21
    50: v=21 e=0000 i=0 cpl=0 IP=0008:c0101156 pc=c0101156 SP=0010:c010c878 env->regs[R_EAX]=00000100
EAX=00000100 EBX=00010000 ECX=00000000 EDX=00000cfc
ESI=0010d000 EDI=00106434 EBP=c010c880 ESP=c010c878
EIP=c0101156 EFL=00000286 [--S--P-] CPL=0 II=0 A20=1 SMM=0 HLT=0
ES =0010 00000000 ffffffff 00cf9300 DPL=0 DS   [-WA]
CS =0008 00000000 ffffffff 00cf9a00 DPL=0 CS32 [-R-]
SS =0010 00000000 ffffffff 00cf9300 DPL=0 DS   [-WA]
DS =0010 00000000 ffffffff 00cf9300 DPL=0 DS   [-WA]
FS =0010 00000000 ffffffff 00cf9300 DPL=0 DS   [-WA]
GS =0010 00000000 ffffffff 00cf9300 DPL=0 DS   [-WA]
LDT=0000 00000000 0000ffff 00008200 DPL=0 LDT
TR =0000 00000000 0000ffff 00008b00 DPL=0 TSS32-busy
GDT=     c0107000 00000027
IDT=     c0107040 000007ff
CR0=80010011 CR2=00000000 CR3=00105000 CR4=00000000
DR0=00000000 DR1=00000000 DR2=00000000 DR3=00000000 
DR6=ffff0ff0 DR7=00000400
CCS=00000084 CCD=c010c83c CCO=EFLAGS
EFER=0000000000000000
Servicing hardware INT=0x20
    51: v=20 e=0000 i=0 cpl=0 IP=0008:c0101156 pc=c0101156 SP=0010:c010c878 env->regs[R_EAX]=00000100
EAX=00000100 EBX=00010000 ECX=00000000 EDX=00000cfc
ESI=0010d000 EDI=00106434 EBP=c010c880 ESP=c010c878
EIP=c0101156 EFL=00000286 [--S--P-] CPL=0 II=0 A20=1 SMM=0 HLT=0
ES =0010 00000000 ffffffff 00cf9300 DPL=0 DS   [-WA]
CS =0008 00000000 ffffffff 00cf9a00 DPL=0 CS32 [-R-]
SS =0010 00000000 ffffffff 00cf9300 DPL=0 DS   [-WA]
DS =0010 00000000 ffffffff 00cf9300 DPL=0 DS   [-WA]
FS =0010 00000000 ffffffff 00cf9300 DPL=0 DS   [-WA]
GS =0010 00000000 ffffffff 00cf9300 DPL=0 DS   [-WA]
LDT=0000 00000000 0000ffff 00008200 DPL=0 LDT
TR =0000 00000000 0000ffff 00008b00 DPL=0 TSS32-busy
GDT=     c0107000 00000027
IDT=     c0107040 000007ff
CR0=80010011 CR2=00000000 CR3=00105000 CR4=00000000
DR0=00000000 DR1=00000000 DR2=00000000 DR3=00000000 
DR6=ffff0ff0 DR7=00000400
CCS=00000084 CCD=c010c82c CCO=EFLAGS
EFER=0000000000000000
Servicing hardware INT=0x20
    52: v=20 e=0000 i=0 cpl=0 IP=0008:c0101156 pc=c0101156 SP=0010:c010c878 env->regs[R_EAX]=00000100
EAX=00000100 EBX=00010000 ECX=00000000 EDX=00000cfc
ESI=0010d000 EDI=00106434 EBP=c010c880 ESP=c010c878
EIP=c0101156 EFL=00000286 [--S--P-] CPL=0 II=0 A20=1 SMM=0 HLT=0
ES =0010 00000000 ffffffff 00cf9300 DPL=0 DS   [-WA]
CS =0008 00000000 ffffffff 00cf9a00 DPL=0 CS32 [-R-]
SS =0010 00000000 ffffffff 00cf9300 DPL=0 DS   [-WA]
DS =0010 00000000 ffffffff 00cf9300 DPL=0 DS   [-WA]
FS =0010 00000000 ffffffff 00cf9300 DPL=0 DS   [-WA]
GS =0010 00000000 ffffffff 00cf9300 DPL=0 DS   [-WA]
LDT=0000 00000000 0000ffff 00008200 DPL=0 LDT
TR =0000 00000000 0000ffff 00008b00 DPL=0 TSS32-busy
GDT=     c0107000 00000027
IDT=     c0107040 000007ff
CR0=80010011 CR2=00000000 CR3=00105000 CR4=00000000
DR0=00000000 DR1=00000000 DR2=00000000 DR3=00000000 
DR6=ffff0ff0 DR7=00000400
CCS=00000084 CCD=c010c83c CCO=EFLAGS
EFER=0000000000000000
Servicing hardware INT=0x20
    53: v=20 e=0000 i=0 cpl=0 IP=0008:c0101156 pc=c0101156 SP=0010:c010c878 env->regs[R_EAX]=00000100
EAX=00000100 EBX=00010000 ECX=00000000 EDX=00000cfc
ESI=0010d000 EDI=00106434 EBP=c010c880 ESP=c010c878
EIP=c0101156 EFL=00000286 [--S--P-] CPL=0 II=0 A20=1 SMM=0 HLT=0
ES =0010 00000000 ffffffff 00cf9300 DPL=0 DS   [-WA]
CS =0008 00000000 ffffffff 00cf9a00 DPL=0 CS32 [-R-]
SS =0010 00000000 ffffffff 00cf9300 DPL=0 DS   [-WA]
DS =0010 00000000 ffffffff 00cf9300 DPL=0 DS   [-WA]
FS =0010 00000000 ffffffff 00cf9300 DPL=0 DS   [-WA]
GS =0010 00000000 ffffffff 00cf9300 DPL=0 DS   [-WA]
LDT=0000 00000000 0000ffff 00008200 DPL=0 LDT
TR =0000 00000000 0000ffff 00008b00 DPL=0 TSS32-busy
GDT=     c0107000 00000027
IDT=     c0107040 000007ff
CR0=80010011 CR2=00000000 CR3=00105000 CR4=00000000
DR0=00000000 DR1=00000000 DR2=00000000 DR3=00000000 
DR6=ffff0ff0 DR7=00000400
CCS=00000084 CCD=c010c83c CCO=EFLAGS
EFER=0000000000000000
Servicing hardware INT=0x20
    54: v=20 e=0000 i=0 cpl=0 IP=0008:c0101156 pc=c0101156 SP=0010:c010c878 env->regs[R_EAX]=00000100
EAX=00000100 EBX=00010000 ECX=00000000 EDX=00000cfc
ESI=0010d000 EDI=00106434 EBP=c010c880 ESP=c010c878
EIP=c0101156 EFL=00000286 [--S--P-] CPL=0 II=0 A20=1 SMM=0 HLT=0
ES =0010 00000000 ffffffff 00cf9300 DPL=0 DS   [-WA]
CS =0008 00000000 ffffffff 00cf9a00 DPL=0 CS32 [-R-]
SS =0010 00000000 ffffffff 00cf9300 DPL=0 DS   [-WA]
DS =0010 00000000 ffffffff 00cf9300 DPL=0 DS   [-WA]
FS =0010 00000000 ffffffff 00cf9300 DPL=0 DS   [-WA]
GS =0010 00000000 ffffffff 00cf9300 DPL=0 DS   [-WA]
LDT=0000 00000000 0000ffff 00008200 DPL=0 LDT
TR =0000 00000000 0000ffff 00008b00 DPL=0 TSS32-busy
GDT=     c0107000 00000027
IDT=     c0107040 000007ff
CR0=80010011 CR2=00000000 CR3=00105000 CR4=00000000
DR0=00000000 DR1=00000000 DR2=00000000 DR3=00000000 
DR6=ffff0ff0 DR7=00000400
CCS=00000084 CCD=c010c83c CCO=EFLAGS
EFER=0000000000000000
Servicing hardware INT=0x20
    55: v=20 e=0000 i=0 cpl=0 IP=0008:c0101156 pc=c0101156 SP=0010:c010c878 env->regs[R_EAX]=00000100
EAX=00000100 EBX=00010000 ECX=00000000 EDX=00000cfc
ESI=0010d000 EDI=00106434 EBP=c010c880 ESP=c010c878
EIP=c0101156 EFL=00000286 [--S--P-] CPL=0 II=0 A20=1 SMM=0 HLT=0
ES =0010 00000000 ffffffff 00cf9300 DPL=0 DS   [-WA]
CS =0008 00000000 ffffffff 00cf9a00 DPL=0 CS32 [-R-]
SS =0010 00000000 ffffffff 00cf9300 DPL=0 DS   [-WA]
DS =0010 00000000 ffffffff 00cf9300 DPL=0 DS   [-WA]
FS =0010 00000000 ffffffff 00cf9300 DPL=0 DS   [-WA]
GS =0010 00000000 ffffffff 00cf9300 DPL=0 DS   [-WA]
LDT=0000 00000000 0000ffff 00008200 DPL=0 LDT
TR =0000 00000000 0000ffff 00008b00 DPL=0 TSS32-busy
GDT=     c0107000 00000027
IDT=     c0107040 000007ff
CR0=80010011 CR2=00000000 CR3=00105000 CR4=00000000
DR0=00000000 DR1=00000000 DR2=00000000 DR3=00000000 
DR6=ffff0ff0 DR7=00000400
CCS=00000084 CCD=c010c83c CCO=EFLAGS
EFER=0000000000000000
Servicing hardware INT=0x20
    56: v=20 e=0000 i=0 cpl=0 IP=0008:c0101156 pc=c0101156 SP=0010:c010c878 env->regs[R_EAX]=00000100
EAX=00000100 EBX=00010000 ECX=00000000 EDX=00000cfc
ESI=0010d000 EDI=00106434 EBP=c010c880 ESP=c010c878
EIP=c0101156 EFL=00000286 [--S--P-] CPL=0 II=0 A20=1 SMM=0 HLT=0
ES =0010 00000000 ffffffff 00cf9300 DPL=0 DS   [-WA]
CS =0008 00000000 ffffffff 00cf9a00 DPL=0 CS32 [-R-]
SS =0010 00000000 ffffffff 00cf9300 DPL=0 DS   [-WA]
DS =0010 00000000 ffffffff 00cf9300 DPL=0 DS   [-WA]
FS =0010 00000000 ffffffff 00cf9300 DPL=0 DS   [-WA]
GS =0010 00000000 ffffffff 00cf9300 DPL=0 DS   [-WA]
LDT=0000 00000000 0000ffff 00008200 DPL=0 LDT
TR =0000 00000000 0000ffff 00008b00 DPL=0 TSS32-busy
GDT=     c0107000 00000027
IDT=     c0107040 000007ff
CR0=80010011 CR2=00000000 CR3=00105000 CR4=00000000
DR0=00000000 DR1=00000000 DR2=00000000 DR3=00000000 
DR6=ffff0ff0 DR7=00000400
CCS=00000084 CCD=c010c83c CCO=EFLAGS
EFER=0000000000000000
Servicing hardware INT=0x20
    57: v=20 e=0000 i=0 cpl=0 IP=0008:c0101156 pc=c0101156 SP=0010:c010c878 env->regs[R_EAX]=00000100
EAX=00000100 EBX=00010000 ECX=00000000 EDX=00000cfc
ESI=0010d000 EDI=00106434 EBP=c010c880 ESP=c010c878
EIP=c0101156 EFL=00000286 [--S--P-] CPL=0 II=0 A20=1 SMM=0 HLT=0
ES =0010 00000000 ffffffff 00cf9300 DPL=0 DS   [-WA]
CS =0008 00000000 ffffffff 00cf9a00 DPL=0 CS32 [-R-]
SS =0010 00000000 ffffffff 00cf9300 DPL=0 DS   [-WA]
DS =0010 00000000 ffffffff 00cf9300 DPL=0 DS   [-WA]
FS =0010 00000000 ffffffff 00cf9300 DPL=0 DS   [-WA]
GS =0010 00000000 ffffffff 00cf9300 DPL=0 DS   [-WA]
LDT=0000 00000000 0000ffff 00008200 DPL=0 LDT
TR =0000 00000000 0000ffff 00008b00 DPL=0 TSS32-busy
GDT=     c0107000 00000027
IDT=     c0107040 000007ff
CR0=80010011 CR2=00000000 CR3=00105000 CR4=00000000
DR0=00000000 DR1=00000000 DR2=00000000 DR3=00000000 
DR6=ffff0ff0 DR7=00000400
CCS=00000084 CCD=c010c83c CCO=EFLAGS
EFER=0000000000000000
Servicing hardware INT=0x20
    58: v=20 e=0000 i=0 cpl=0 IP=0008:c0101156 pc=c0101156 SP=0010:c010c878 env->regs[R_EAX]=00000100
EAX=00000100 EBX=00010000 ECX=00000000 EDX=00000cfc
ESI=0010d000 EDI=00106434 EBP=c010c880 ESP=c010c878
EIP=c0101156 EFL=00000286 [--S--P-] CPL=0 II=0 A20=1 SMM=0 HLT=0
ES =0010 00000000 ffffffff 00cf9300 DPL=0 DS   [-WA]
CS =0008 00000000 ffffffff 00cf9a00 DPL=0 CS32 [-R-]
SS =0010 00000000 ffffffff 00cf9300 DPL=0 DS   [-WA]
DS =0010 00000000 ffffffff 00cf9300 DPL=0 DS   [-WA]
FS =0010 00000000 ffffffff 00cf9300 DPL=0 DS   [-WA]
GS =0010 00000000 ffffffff 00cf9300 DPL=0 DS   [-WA]
LDT=0000 00000000 0000ffff 00008200 DPL=0 LDT
TR =0000 00000000 0000ffff 00008b00 DPL=0 TSS32-busy
GDT=     c0107000 00000027
IDT=     c0107040 000007ff
CR0=80010011 CR2=00000000 CR3=00105000 CR4=00000000
DR0=00000000 DR1=00000000 DR2=00000000 DR3=00000000 
DR6=ffff0ff0 DR7=00000400
CCS=00000084 CCD=c010c83c CCO=EFLAGS
EFER=0000000000000000
Servicing hardware INT=0x20
    59: v=20 e=0000 i=0 cpl=0 IP=0008:c0101156 pc=c0101156 SP=0010:c010c878 env->regs[R_EAX]=00000100
EAX=00000100 EBX=00010000 ECX=00000000 EDX=00000cfc
ESI=0010d000 EDI=00106434 EBP=c010c880 ESP=c010c878
EIP=c0101156 EFL=00000286 [--S--P-] CPL=0 II=0 A20=1 SMM=0 HLT=0
ES =0010 00000000 ffffffff 00cf9300 DPL=0 DS   [-WA]
CS =0008 00000000 ffffffff 00cf9a00 DPL=0 CS32 [-R-]
SS =0010 00000000 ffffffff 00cf9300 DPL=0 DS   [-WA]
DS =0010 00000000 ffffffff 00cf9300 DPL=0 DS   [-WA]
FS =0010 00000000 ffffffff 00cf9300 DPL=0 DS   [-WA]
GS =0010 00000000 ffffffff 00cf9300 DPL=0 DS   [-WA]
LDT=0000 00000000 0000ffff 00008200 DPL=0 LDT
TR =0000 00000000 0000ffff 00008b00 DPL=0 TSS32-busy
GDT=     c0107000 00000027
IDT=     c0107040 000007ff
CR0=80010011 CR2=00000000 CR3=00105000 CR4=00000000
DR0=00000000 DR1=00000000 DR2=00000000 DR3=00000000 
DR6=ffff0ff0 DR7=00000400
CCS=00000084 CCD=c010c83c CCO=EFLAGS
EFER=0000000000000000
Servicing hardware INT=0x20
    60: v=20 e=0000 i=0 cpl=0 IP=0008:c0101156 pc=c0101156 SP=0010:c010c878 env->regs[R_EAX]=00000100
EAX=00000100 EBX=00010000 ECX=00000000 EDX=00000cfc
ESI=0010d000 EDI=00106434 EBP=c010c880 ESP=c010c878
EIP=c0101156 EFL=00000286 [--S--P-] CPL=0 II=0 A20=1 SMM=0 HLT=0
ES =0010 00000000 ffffffff 00cf9300 DPL=0 DS   [-WA]
CS =0008 00000000 ffffffff 00cf9a00 DPL=0 CS32 [-R-]
SS =0010 00000000 ffffffff 00cf9300 DPL=0 DS   [-WA]
DS =0010 00000000 ffffffff 00cf9300 DPL=0 DS   [-WA]
FS =0010 00000000 ffffffff 00cf9300 DPL=0 DS   [-WA]
GS =0010 00000000 ffffffff 00cf9300 DPL=0 DS   [-WA]
LDT=0000 00000000 0000ffff 00008200 DPL=0 LDT
TR =0000 00000000 0000ffff 00008b00 DPL=0 TSS32-busy
GDT=     c0107000 00000027
IDT=     c0107040 000007ff
CR0=80010011 CR2=00000000 CR3=00105000 CR4=00000000
DR0=00000000 DR1=00000000 DR2=00000000 DR3=00000000 
DR6=ffff0ff0 DR7=00000400
CCS=00000084 CCD=c010c83c CCO=EFLAGS
EFER=0000000000000000
Servicing hardware INT=0x20
    61: v=20 e=0000 i=0 cpl=0 IP=0008:c0101156 pc=c0101156 SP=0010:c010c878 env->regs[R_EAX]=00000100
EAX=00000100 EBX=00010000 ECX=00000000 EDX=00000cfc
ESI=0010d000 EDI=00106434 EBP=c010c880 ESP=c010c878
EIP=c0101156 EFL=00000286 [--S--P-] CPL=0 II=0 A20=1 SMM=0 HLT=0
ES =0010 00000000 ffffffff 00cf9300 DPL=0 DS   [-WA]
CS =0008 00000000 ffffffff 00cf9a00 DPL=0 CS32 [-R-]
SS =0010 00000000 ffffffff 00cf9300 DPL=0 DS   [-WA]
DS =0010 00000000 ffffffff 00cf9300 DPL=0 DS   [-WA]
FS =0010 00000000 ffffffff 00cf9300 DPL=0 DS   [-WA]
GS =0010 00000000 ffffffff 00cf9300 DPL=0 DS   [-WA]
LDT=0000 00000000 0000ffff 00008200 DPL=0 LDT
TR =0000 00000000 0000ffff 00008b00 DPL=0 TSS32-busy
GDT=     c0107000 00000027
IDT=     c0107040 000007ff
CR0=80010011 CR2=00000000 CR3=00105000 CR4=00000000
DR0=00000000 DR1=00000000 DR2=00000000 DR3=00000000 
DR6=ffff0ff0 DR7=00000400
CCS=00000084 CCD=c010c83c CCO=EFLAGS
EFER=0000000000000000
Servicing hardware INT=0x20
    62: v=20 e=0000 i=0 cpl=0 IP=0008:c0101156 pc=c0101156 SP=0010:c010c878 env->regs[R_EAX]=00000100
EAX=00000100 EBX=00010000 ECX=00000000 EDX=00000cfc
ESI=0010d000 EDI=00106434 EBP=c010c880 ESP=c010c878
EIP=c0101156 EFL=00000286 [--S--P-] CPL=0 II=0 A20=1 SMM=0 HLT=0
ES =0010 00000000 ffffffff 00cf9300 DPL=0 DS   [-WA]
CS =0008 00000000 ffffffff 00cf9a00 DPL=0 CS32 [-R-]
SS =0010 00000000 ffffffff 00cf9300 DPL=0 DS   [-WA]
DS =0010 00000000 ffffffff 00cf9300 DPL=0 DS   [-WA]
FS =0010 00000000 ffffffff 00cf9300 DPL=0 DS   [-WA]
GS =0010 00000000 ffffffff 00cf9300 DPL=0 DS   [-WA]
LDT=0000 00000000 0000ffff 00008200 DPL=0 LDT
TR =0000 00000000 0000ffff 00008b00 DPL=0 TSS32-busy
GDT=     c0107000 00000027
IDT=     c0107040 000007ff
CR0=80010011 CR2=00000000 CR3=00105000 CR4=00000000
DR0=00000000 DR1=00000000 DR2=00000000 DR3=00000000 
DR6=ffff0ff0 DR7=00000400
CCS=00000084 CCD=c010c83c CCO=EFLAGS
EFER=0000000000000000
Servicing hardware INT=0x20
    63: v=20 e=0000 i=0 cpl=0 IP=0008:c0101156 pc=c0101156 SP=0010:c010c878 env->regs[R_EAX]=00000100
EAX=00000100 EBX=00010000 ECX=00000000 EDX=00000cfc
ESI=0010d000 EDI=00106434 EBP=c010c880 ESP=c010c878
EIP=c0101156 EFL=00000286 [--S--P-] CPL=0 II=0 A20=1 SMM=0 HLT=0
ES =0010 00000000 ffffffff 00cf9300 DPL=0 DS   [-WA]
CS =0008 00000000 ffffffff 00cf9a00 DPL=0 CS32 [-R-]
SS =0010 00000000 ffffffff 00cf9300 DPL=0 DS   [-WA]
DS =0010 00000000 ffffffff 00cf9300 DPL=0 DS   [-WA]
FS =0010 00000000 ffffffff 00cf9300 DPL=0 DS   [-WA]
GS =0010 00000000 ffffffff 00cf9300 DPL=0 DS   [-WA]
LDT=0000 00000000 0000ffff 00008200 DPL=0 LDT
TR =0000 00000000 0000ffff 00008b00 DPL=0 TSS32-busy
GDT=     c0107000 00000027
IDT=     c0107040 000007ff
CR0=80010011 CR2=00000000 CR3=00105000 CR4=00000000
DR0=00000000 DR1=00000000 DR2=00000000 DR3=00000000 
DR6=ffff0ff0 DR7=00000400
CCS=00000084 CCD=c010c83c CCO=EFLAGS
EFER=0000000000000000
Servicing hardware INT=0x20
    64: v=20 e=0000 i=0 cpl=0 IP=0008:c0101156 pc=c0101156 SP=0010:c010c878 env->regs[R_EAX]=00000100
EAX=00000100 EBX=00010000 ECX=00000000 EDX=00000cfc
ESI=0010d000 EDI=00106434 EBP=c010c880 ESP=c010c878
EIP=c0101156 EFL=00000286 [--S--P-] CPL=0 II=0 A20=1 SMM=0 HLT=0
ES =0010 00000000 ffffffff 00cf9300 DPL=0 DS   [-WA]
CS =0008 00000000 ffffffff 00cf9a00 DPL=0 CS32 [-R-]
SS =0010 00000000 ffffffff 00cf9300 DPL=0 DS   [-WA]
DS =0010 00000000 ffffffff 00cf9300 DPL=0 DS   [-WA]
FS =0010 00000000 ffffffff 00cf9300 DPL=0 DS   [-WA]
GS =0010 00000000 ffffffff 00cf9300 DPL=0 DS   [-WA]
LDT=0000 00000000 0000ffff 00008200 DPL=0 LDT
TR =0000 00000000 0000ffff 00008b00 DPL=0 TSS32-busy
GDT=     c0107000 00000027
IDT=     c0107040 000007ff
CR0=80010011 CR2=00000000 CR3=00105000 CR4=00000000
DR0=00000000 DR1=00000000 DR2=00000000 DR3=00000000 
DR6=ffff0ff0 DR7=00000400
CCS=00000084 CCD=c010c83c CCO=EFLAGS
EFER=0000000000000000
Servicing hardware INT=0x20
    65: v=20 e=0000 i=0 cpl=0 IP=0008:c0101156 pc=c0101156 SP=0010:c010c878 env->regs[R_EAX]=00000100
EAX=00000100 EBX=00010000 ECX=00000000 EDX=00000cfc
ESI=0010d000 EDI=00106434 EBP=c010c880 ESP=c010c878
EIP=c0101156 EFL=00000286 [--S--P-] CPL=0 II=0 A20=1 SMM=0 HLT=0
ES =0010 00000000 ffffffff 00cf9300 DPL=0 DS   [-WA]
CS =0008 00000000 ffffffff 00cf9a00 DPL=0 CS32 [-R-]
SS =0010 00000000 ffffffff 00cf9300 DPL=0 DS   [-WA]
DS =0010 00000000 ffffffff 00cf9300 DPL=0 DS   [-WA]
FS =0010 00000000 ffffffff 00cf9300 DPL=0 DS   [-WA]
GS =0010 00000000 ffffffff 00cf9300 DPL=0 DS   [-WA]
LDT=0000 00000000 0000ffff 00008200 DPL=0 LDT
TR =0000 00000000 0000ffff 00008b00 DPL=0 TSS32-busy
GDT=     c0107000 00000027
IDT=     c0107040 000007ff
CR0=80010011 CR2=00000000 CR3=00105000 CR4=00000000
DR0=00000000 DR1=00000000 DR2=00000000 DR3=00000000 
DR6=ffff0ff0 DR7=00000400
CCS=00000084 CCD=c010c83c CCO=EFLAGS
EFER=0000000000000000
Servicing hardware INT=0x20
    66: v=20 e=0000 i=0 cpl=0 IP=0008:c0101156 pc=c0101156 SP=0010:c010c878 env->regs[R_EAX]=00000100
EAX=00000100 EBX=00010000 ECX=00000000 EDX=00000cfc
ESI=0010d000 EDI=00106434 EBP=c010c880 ESP=c010c878
EIP=c0101156 EFL=00000286 [--S--P-] CPL=0 II=0 A20=1 SMM=0 HLT=0
ES =0010 00000000 ffffffff 00cf9300 DPL=0 DS   [-WA]
CS =0008 00000000 ffffffff 00cf9a00 DPL=0 CS32 [-R-]
SS =0010 00000000 ffffffff 00cf9300 DPL=0 DS   [-WA]
DS =0010 00000000 ffffffff 00cf9300 DPL=0 DS   [-WA]
FS =0010 00000000 ffffffff 00cf9300 DPL=0 DS   [-WA]
GS =0010 00000000 ffffffff 00cf9300 DPL=0 DS   [-WA]
LDT=0000 00000000 0000ffff 00008200 DPL=0 LDT
TR =0000 00000000 0000ffff 00008b00 DPL=0 TSS32-busy
GDT=     c0107000 00000027
IDT=     c0107040 000007ff
CR0=80010011 CR2=00000000 CR3=00105000 CR4=00000000
DR0=00000000 DR1=00000000 DR2=00000000 DR3=00000000 
DR6=ffff0ff0 DR7=00000400
CCS=00000084 CCD=c010c83c CCO=EFLAGS
EFER=0000000000000000
Servicing hardware INT=0x20
    67: v=20 e=0000 i=0 cpl=0 IP=0008:c0101156 pc=c0101156 SP=0010:c010c878 env->regs[R_EAX]=00000100
EAX=00000100 EBX=00010000 ECX=00000000 EDX=00000cfc
ESI=0010d000 EDI=00106434 EBP=c010c880 ESP=c010c878
EIP=c0101156 EFL=00000286 [--S--P-] CPL=0 II=0 A20=1 SMM=0 HLT=0
ES =0010 00000000 ffffffff 00cf9300 DPL=0 DS   [-WA]
CS =0008 00000000 ffffffff 00cf9a00 DPL=0 CS32 [-R-]
SS =0010 00000000 ffffffff 00cf9300 DPL=0 DS   [-WA]
DS =0010 00000000 ffffffff 00cf9300 DPL=0 DS   [-WA]
FS =0010 00000000 ffffffff 00cf9300 DPL=0 DS   [-WA]
GS =0010 00000000 ffffffff 00cf9300 DPL=0 DS   [-WA]
LDT=0000 00000000 0000ffff 00008200 DPL=0 LDT
TR =0000 00000000 0000ffff 00008b00 DPL=0 TSS32-busy
GDT=     c0107000 00000027
IDT=     c0107040 000007ff
CR0=80010011 CR2=00000000 CR3=00105000 CR4=00000000
DR0=00000000 DR1=00000000 DR2=00000000 DR3=00000000 
DR6=ffff0ff0 DR7=00000400
CCS=00000084 CCD=c010c83c CCO=EFLAGS
EFER=0000000000000000
Servicing hardware INT=0x20
    68: v=20 e=0000 i=0 cpl=0 IP=0008:c0101156 pc=c0101156 SP=0010:c010c878 env->regs[R_EAX]=00000100
EAX=00000100 EBX=00010000 ECX=00000000 EDX=00000cfc
ESI=0010d000 EDI=00106434 EBP=c010c880 ESP=c010c878
EIP=c0101156 EFL=00000286 [--S--P-] CPL=0 II=0 A20=1 SMM=0 HLT=0
ES =0010 00000000 ffffffff 00cf9300 DPL=0 DS   [-WA]
CS =0008 00000000 ffffffff 00cf9a00 DPL=0 CS32 [-R-]
SS =0010 00000000 ffffffff 00cf9300 DPL=0 DS   [-WA]
DS =0010 00000000 ffffffff 00cf9300 DPL=0 DS   [-WA]
FS =0010 00000000 ffffffff 00cf9300 DPL=0 DS   [-WA]
GS =0010 00000000 ffffffff 00cf9300 DPL=0 DS   [-WA]
LDT=0000 00000000 0000ffff 00008200 DPL=0 LDT
TR =0000 00000000 0000ffff 00008b00 DPL=0 TSS32-busy
GDT=     c0107000 00000027
IDT=     c0107040 000007ff
CR0=80010011 CR2=00000000 CR3=00105000 CR4=00000000
DR0=00000000 DR1=00000000 DR2=00000000 DR3=00000000 
DR6=ffff0ff0 DR7=00000400
CCS=00000084 CCD=c010c83c CCO=EFLAGS
EFER=0000000000000000
Servicing hardware INT=0x20
    69: v=20 e=0000 i=0 cpl=0 IP=0008:c0101156 pc=c0101156 SP=0010:c010c878 env->regs[R_EAX]=00000100
EAX=00000100 EBX=00010000 ECX=00000000 EDX=00000cfc
ESI=0010d000 EDI=00106434 EBP=c010c880 ESP=c010c878
EIP=c0101156 EFL=00000286 [--S--P-] CPL=0 II=0 A20=1 SMM=0 HLT=0
ES =0010 00000000 ffffffff 00cf9300 DPL=0 DS   [-WA]
CS =0008 00000000 ffffffff 00cf9a00 DPL=0 CS32 [-R-]
SS =0010 00000000 ffffffff 00cf9300 DPL=0 DS   [-WA]
DS =0010 00000000 ffffffff 00cf9300 DPL=0 DS   [-WA]
FS =0010 00000000 ffffffff 00cf9300 DPL=0 DS   [-WA]
GS =0010 00000000 ffffffff 00cf9300 DPL=0 DS   [-WA]
LDT=0000 00000000 0000ffff 00008200 DPL=0 LDT
TR =0000 00000000 0000ffff 00008b00 DPL=0 TSS32-busy
GDT=     c0107000 00000027
IDT=     c0107040 000007ff
CR0=80010011 CR2=00000000 CR3=00105000 CR4=00000000
DR0=00000000 DR1=00000000 DR2=00000000 DR3=00000000 
DR6=ffff0ff0 DR7=00000400
CCS=00000084 CCD=c010c83c CCO=EFLAGS
EFER=0000000000000000
Servicing hardware INT=0x20
    70: v=20 e=0000 i=0 cpl=0 IP=0008:c0101156 pc=c0101156 SP=0010:c010c878 env->regs[R_EAX]=00000100
EAX=00000100 EBX=00010000 ECX=00000000 EDX=00000cfc
ESI=0010d000 EDI=00106434 EBP=c010c880 ESP=c010c878
EIP=c0101156 EFL=00000286 [--S--P-] CPL=0 II=0 A20=1 SMM=0 HLT=0
ES =0010 00000000 ffffffff 00cf9300 DPL=0 DS   [-WA]
CS =0008 00000000 ffffffff 00cf9a00 DPL=0 CS32 [-R-]
SS =0010 00000000 ffffffff 00cf9300 DPL=0 DS   [-WA]
DS =0010 00000000 ffffffff 00cf9300 DPL=0 DS   [-WA]
FS =0010 00000000 ffffffff 00cf9300 DPL=0 DS   [-WA]
GS =0010 00000000 ffffffff 00cf9300 DPL=0 DS   [-WA]
LDT=0000 00000000 0000ffff 00008200 DPL=0 LDT
TR =0000 00000000 0000ffff 00008b00 DPL=0 TSS32-busy
GDT=     c0107000 00000027
IDT=     c0107040 000007ff
CR0=80010011 CR2=00000000 CR3=00105000 CR4=00000000
DR0=00000000 DR1=00000000 DR2=00000000 DR3=00000000 
DR6=ffff0ff0 DR7=00000400
CCS=00000084 CCD=c010c83c CCO=EFLAGS
EFER=0000000000000000
Servicing hardware INT=0x20
    71: v=20 e=0000 i=0 cpl=0 IP=0008:c0101156 pc=c0101156 SP=0010:c010c878 env->regs[R_EAX]=00000100
EAX=00000100 EBX=00010000 ECX=00000000 EDX=00000cfc
ESI=0010d000 EDI=00106434 EBP=c010c880 ESP=c010c878
EIP=c0101156 EFL=00000286 [--S--P-] CPL=0 II=0 A20=1 SMM=0 HLT=0
ES =0010 00000000 ffffffff 00cf9300 DPL=0 DS   [-WA]
CS =0008 00000000 ffffffff 00cf9a00 DPL=0 CS32 [-R-]
SS =0010 00000000 ffffffff 00cf9300 DPL=0 DS   [-WA]
DS =0010 00000000 ffffffff 00cf9300 DPL=0 DS   [-WA]
FS =0010 00000000 ffffffff 00cf9300 DPL=0 DS   [-WA]
GS =0010 00000000 ffffffff 00cf9300 DPL=0 DS   [-WA]
LDT=0000 00000000 0000ffff 00008200 DPL=0 LDT
TR =0000 00000000 0000ffff 00008b00 DPL=0 TSS32-busy
GDT=     c0107000 00000027
IDT=     c0107040 000007ff
CR0=80010011 CR2=00000000 CR3=00105000 CR4=00000000
DR0=00000000 DR1=00000000 DR2=00000000 DR3=00000000 
DR6=ffff0ff0 DR7=00000400
CCS=00000084 CCD=c010c83c CCO=EFLAGS
EFER=0000000000000000
Servicing hardware INT=0x20
    72: v=20 e=0000 i=0 cpl=0 IP=0008:c0101156 pc=c0101156 SP=0010:c010c878 env->regs[R_EAX]=00000100
EAX=00000100 EBX=00010000 ECX=00000000 EDX=00000cfc
ESI=0010d000 EDI=00106434 EBP=c010c880 ESP=c010c878
EIP=c0101156 EFL=00000286 [--S--P-] CPL=0 II=0 A20=1 SMM=0 HLT=0
ES =0010 00000000 ffffffff 00cf9300 DPL=0 DS   [-WA]
CS =0008 00000000 ffffffff 00cf9a00 DPL=0 CS32 [-R-]
SS =0010 00000000 ffffffff 00cf9300 DPL=0 DS   [-WA]
DS =0010 00000000 ffffffff 00cf9300 DPL=0 DS   [-WA]
FS =0010 00000000 ffffffff 00cf9300 DPL=0 DS   [-WA]
GS =0010 00000000 ffffffff 00cf9300 DPL=0 DS   [-WA]
LDT=0000 00000000 0000ffff 00008200 DPL=0 LDT
TR =0000 00000000 0000ffff 00008b00 DPL=0 TSS32-busy
GDT=     c0107000 00000027
IDT=     c0107040 000007ff
CR0=80010011 CR2=00000000 CR3=00105000 CR4=00000000
DR0=00000000 DR1=00000000 DR2=00000000 DR3=00000000 
DR6=ffff0ff0 DR7=00000400
CCS=00000084 CCD=c010c83c CCO=EFLAGS
EFER=0000000000000000
Servicing hardware INT=0x20
    73: v=20 e=0000 i=0 cpl=0 IP=0008:c0101156 pc=c0101156 SP=0010:c010c878 env->regs[R_EAX]=00000100
EAX=00000100 EBX=00010000 ECX=00000000 EDX=00000cfc
ESI=0010d000 EDI=00106434 EBP=c010c880 ESP=c010c878
EIP=c0101156 EFL=00000286 [--S--P-] CPL=0 II=0 A20=1 SMM=0 HLT=0
ES =0010 00000000 ffffffff 00cf9300 DPL=0 DS   [-WA]
CS =0008 00000000 ffffffff 00cf9a00 DPL=0 CS32 [-R-]
SS =0010 00000000 ffffffff 00cf9300 DPL=0 DS   [-WA]
DS =0010 00000000 ffffffff 00cf9300 DPL=0 DS   [-WA]
FS =0010 00000000 ffffffff 00cf9300 DPL=0 DS   [-WA]
GS =0010 00000000 ffffffff 00cf9300 DPL=0 DS   [-WA]
LDT=0000 00000000 0000ffff 00008200 DPL=0 LDT
TR =0000 00000000 0000ffff 00008b00 DPL=0 TSS32-busy
GDT=     c0107000 00000027
IDT=     c0107040 000007ff
CR0=80010011 CR2=00000000 CR3=00105000 CR4=00000000
DR0=00000000 DR1=00000000 DR2=00000000 DR3=00000000 
DR6=ffff0ff0 DR7=00000400
CCS=00000084 CCD=c010c83c CCO=EFLAGS
EFER=0000000000000000
Servicing hardware INT=0x20
    74: v=20 e=0000 i=0 cpl=0 IP=0008:c0101156 pc=c0101156 SP=0010:c010c878 env->regs[R_EAX]=00000100
EAX=00000100 EBX=00010000 ECX=00000000 EDX=00000cfc
ESI=0010d000 EDI=00106434 EBP=c010c880 ESP=c010c878
EIP=c0101156 EFL=00000286 [--S--P-] CPL=0 II=0 A20=1 SMM=0 HLT=0
ES =0010 00000000 ffffffff 00cf9300 DPL=0 DS   [-WA]
CS =0008 00000000 ffffffff 00cf9a00 DPL=0 CS32 [-R-]
SS =0010 00000000 ffffffff 00cf9300 DPL=0 DS   [-WA]
DS =0010 00000000 ffffffff 00cf9300 DPL=0 DS   [-WA]
FS =0010 00000000 ffffffff 00cf9300 DPL=0 DS   [-WA]
GS =0010 00000000 ffffffff 00cf9300 DPL=0 DS   [-WA]
LDT=0000 00000000 0000ffff 00008200 DPL=0 LDT
TR =0000 00000000 0000ffff 00008b00 DPL=0 TSS32-busy
GDT=     c0107000 00000027
IDT=     c0107040 000007ff
CR0=80010011 CR2=00000000 CR3=00105000 CR4=00000000
DR0=00000000 DR1=00000000 DR2=00000000 DR3=00000000 
DR6=ffff0ff0 DR7=00000400
CCS=00000084 CCD=c010c83c CCO=EFLAGS
EFER=0000000000000000
Servicing hardware INT=0x20
    75: v=20 e=0000 i=0 cpl=0 IP=0008:c0101156 pc=c0101156 SP=0010:c010c878 env->regs[R_EAX]=00000100
EAX=00000100 EBX=00010000 ECX=00000000 EDX=00000cfc
ESI=0010d000 EDI=00106434 EBP=c010c880 ESP=c010c878
EIP=c0101156 EFL=00000286 [--S--P-] CPL=0 II=0 A20=1 SMM=0 HLT=0
ES =0010 00000000 ffffffff 00cf9300 DPL=0 DS   [-WA]
CS =0008 00000000 ffffffff 00cf9a00 DPL=0 CS32 [-R-]
SS =0010 00000000 ffffffff 00cf9300 DPL=0 DS   [-WA]
DS =0010 00000000 ffffffff 00cf9300 DPL=0 DS   [-WA]
FS =0010 00000000 ffffffff 00cf9300 DPL=0 DS   [-WA]
GS =0010 00000000 ffffffff 00cf9300 DPL=0 DS   [-WA]
LDT=0000 00000000 0000ffff 00008200 DPL=0 LDT
TR =0000 00000000 0000ffff 00008b00 DPL=0 TSS32-busy
GDT=     c0107000 00000027
IDT=     c0107040 000007ff
CR0=80010011 CR2=00000000 CR3=00105000 CR4=00000000
DR0=00000000 DR1=00000000 DR2=00000000 DR3=00000000 
DR6=ffff0ff0 DR7=00000400
CCS=00000084 CCD=c010c83c CCO=EFLAGS
EFER=0000000000000000
Servicing hardware INT=0x20
    76: v=20 e=0000 i=0 cpl=0 IP=0008:c0101156 pc=c0101156 SP=0010:c010c878 env->regs[R_EAX]=00000100
EAX=00000100 EBX=00010000 ECX=00000000 EDX=00000cfc
ESI=0010d000 EDI=00106434 EBP=c010c880 ESP=c010c878
EIP=c0101156 EFL=00000286 [--S--P-] CPL=0 II=0 A20=1 SMM=0 HLT=0
ES =0010 00000000 ffffffff 00cf9300 DPL=0 DS   [-WA]
CS =0008 00000000 ffffffff 00cf9a00 DPL=0 CS32 [-R-]
SS =0010 00000000 ffffffff 00cf9300 DPL=0 DS   [-WA]
DS =0010 00000000 ffffffff 00cf9300 DPL=0 DS   [-WA]
FS =0010 00000000 ffffffff 00cf9300 DPL=0 DS   [-WA]
GS =0010 00000000 ffffffff 00cf9300 DPL=0 DS   [-WA]
LDT=0000 00000000 0000ffff 00008200 DPL=0 LDT
TR =0000 00000000 0000ffff 00008b00 DPL=0 TSS32-busy
GDT=     c0107000 00000027
IDT=     c0107040 000007ff
CR0=80010011 CR2=00000000 CR3=00105000 CR4=00000000
DR0=00000000 DR1=00000000 DR2=00000000 DR3=00000000 
DR6=ffff0ff0 DR7=00000400
CCS=00000084 CCD=c010c83c CCO=EFLAGS
EFER=0000000000000000
Servicing hardware INT=0x20
    77: v=20 e=0000 i=0 cpl=0 IP=0008:c0101156 pc=c0101156 SP=0010:c010c878 env->regs[R_EAX]=00000100
EAX=00000100 EBX=00010000 ECX=00000000 EDX=00000cfc
ESI=0010d000 EDI=00106434 EBP=c010c880 ESP=c010c878
EIP=c0101156 EFL=00000286 [--S--P-] CPL=0 II=0 A20=1 SMM=0 HLT=0
ES =0010 00000000 ffffffff 00cf9300 DPL=0 DS   [-WA]
CS =0008 00000000 ffffffff 00cf9a00 DPL=0 CS32 [-R-]
SS =0010 00000000 ffffffff 00cf9300 DPL=0 DS   [-WA]
DS =0010 00000000 ffffffff 00cf9300 DPL=0 DS   [-WA]
FS =0010 00000000 ffffffff 00cf9300 DPL=0 DS   [-WA]
GS =0010 00000000 ffffffff 00cf9300 DPL=0 DS   [-WA]
LDT=0000 00000000 0000ffff 00008200 DPL=0 LDT
TR =0000 00000000 0000ffff 00008b00 DPL=0 TSS32-busy
GDT=     c0107000 00000027
IDT=     c0107040 000007ff
CR0=80010011 CR2=00000000 CR3=00105000 CR4=00000000
DR0=00000000 DR1=00000000 DR2=00000000 DR3=00000000 
DR6=ffff0ff0 DR7=00000400
CCS=00000084 CCD=c010c83c CCO=EFLAGS
EFER=0000000000000000
Servicing hardware INT=0x20
    78: v=20 e=0000 i=0 cpl=0 IP=0008:c0101156 pc=c0101156 SP=0010:c010c878 env->regs[R_EAX]=00000100
EAX=00000100 EBX=00010000 ECX=00000000 EDX=00000cfc
ESI=0010d000 EDI=00106434 EBP=c010c880 ESP=c010c878
EIP=c0101156 EFL=00000286 [--S--P-] CPL=0 II=0 A20=1 SMM=0 HLT=0
ES =0010 00000000 ffffffff 00cf9300 DPL=0 DS   [-WA]
CS =0008 00000000 ffffffff 00cf9a00 DPL=0 CS32 [-R-]
SS =0010 00000000 ffffffff 00cf9300 DPL=0 DS   [-WA]
DS =0010 00000000 ffffffff 00cf9300 DPL=0 DS   [-WA]
FS =0010 00000000 ffffffff 00cf9300 DPL=0 DS   [-WA]
GS =0010 00000000 ffffffff 00cf9300 DPL=0 DS   [-WA]
LDT=0000 00000000 0000ffff 00008200 DPL=0 LDT
TR =0000 00000000 0000ffff 00008b00 DPL=0 TSS32-busy
GDT=     c0107000 00000027
IDT=     c0107040 000007ff
CR0=80010011 CR2=00000000 CR3=00105000 CR4=00000000
DR0=00000000 DR1=00000000 DR2=00000000 DR3=00000000 
DR6=ffff0ff0 DR7=00000400
CCS=00000084 CCD=c010c83c CCO=EFLAGS
EFER=0000000000000000
Servicing hardware INT=0x20
    79: v=20 e=0000 i=0 cpl=0 IP=0008:c0101156 pc=c0101156 SP=0010:c010c878 env->regs[R_EAX]=00000100
EAX=00000100 EBX=00010000 ECX=00000000 EDX=00000cfc
ESI=0010d000 EDI=00106434 EBP=c010c880 ESP=c010c878
EIP=c0101156 EFL=00000286 [--S--P-] CPL=0 II=0 A20=1 SMM=0 HLT=0
ES =0010 00000000 ffffffff 00cf9300 DPL=0 DS   [-WA]
CS =0008 00000000 ffffffff 00cf9a00 DPL=0 CS32 [-R-]
SS =0010 00000000 ffffffff 00cf9300 DPL=0 DS   [-WA]
DS =0010 00000000 ffffffff 00cf9300 DPL=0 DS   [-WA]
FS =0010 00000000 ffffffff 00cf9300 DPL=0 DS   [-WA]
GS =0010 00000000 ffffffff 00cf9300 DPL=0 DS   [-WA]
LDT=0000 00000000 0000ffff 00008200 DPL=0 LDT
TR =0000 00000000 0000ffff 00008b00 DPL=0 TSS32-busy
GDT=     c0107000 00000027
IDT=     c0107040 000007ff
CR0=80010011 CR2=00000000 CR3=00105000 CR4=00000000
DR0=00000000 DR1=00000000 DR2=00000000 DR3=00000000 
DR6=ffff0ff0 DR7=00000400
CCS=00000084 CCD=c010c83c CCO=EFLAGS
EFER=0000000000000000
Servicing hardware INT=0x20
    80: v=20 e=0000 i=0 cpl=0 IP=0008:c0101156 pc=c0101156 SP=0010:c010c878 env->regs[R_EAX]=00000100
EAX=00000100 EBX=00010000 ECX=00000000 EDX=00000cfc
ESI=0010d000 EDI=00106434 EBP=c010c880 ESP=c010c878
EIP=c0101156 EFL=00000286 [--S--P-] CPL=0 II=0 A20=1 SMM=0 HLT=0
ES =0010 00000000 ffffffff 00cf9300 DPL=0 DS   [-WA]
CS =0008 00000000 ffffffff 00cf9a00 DPL=0 CS32 [-R-]
SS =0010 00000000 ffffffff 00cf9300 DPL=0 DS   [-WA]
DS =0010 00000000 ffffffff 00cf9300 DPL=0 DS   [-WA]
FS =0010 00000000 ffffffff 00cf9300 DPL=0 DS   [-WA]
GS =0010 00000000 ffffffff 00cf9300 DPL=0 DS   [-WA]
LDT=0000 00000000 0000ffff 00008200 DPL=0 LDT
TR =0000 00000000 0000ffff 00008b00 DPL=0 TSS32-busy
GDT=     c0107000 00000027
IDT=     c0107040 000007ff
CR0=80010011 CR2=00000000 CR3=00105000 CR4=00000000
DR0=00000000 DR1=00000000 DR2=00000000 DR3=00000000 
DR6=ffff0ff0 DR7=00000400
CCS=00000084 CCD=c010c83c CCO=EFLAGS
EFER=0000000000000000
Servicing hardware INT=0x20
    81: v=20 e=0000 i=0 cpl=0 IP=0008:c0101156 pc=c0101156 SP=0010:c010c878 env->regs[R_EAX]=00000100
EAX=00000100 EBX=00010000 ECX=00000000 EDX=00000cfc
ESI=0010d000 EDI=00106434 EBP=c010c880 ESP=c010c878
EIP=c0101156 EFL=00000286 [--S--P-] CPL=0 II=0 A20=1 SMM=0 HLT=0
ES =0010 00000000 ffffffff 00cf9300 DPL=0 DS   [-WA]
CS =0008 00000000 ffffffff 00cf9a00 DPL=0 CS32 [-R-]
SS =0010 00000000 ffffffff 00cf9300 DPL=0 DS   [-WA]
DS =0010 00000000 ffffffff 00cf9300 DPL=0 DS   [-WA]
FS =0010 00000000 ffffffff 00cf9300 DPL=0 DS   [-WA]
GS =0010 00000000 ffffffff 00cf9300 DPL=0 DS   [-WA]
LDT=0000 00000000 0000ffff 00008200 DPL=0 LDT
TR =0000 00000000 0000ffff 00008b00 DPL=0 TSS32-busy
GDT=     c0107000 00000027
IDT=     c0107040 000007ff
CR0=80010011 CR2=00000000 CR3=00105000 CR4=00000000
DR0=00000000 DR1=00000000 DR2=00000000 DR3=00000000 
DR6=ffff0ff0 DR7=00000400
CCS=00000084 CCD=c010c83c CCO=EFLAGS
EFER=0000000000000000
Servicing hardware INT=0x20
    82: v=20 e=0000 i=0 cpl=0 IP=0008:c0101156 pc=c0101156 SP=0010:c010c878 env->regs[R_EAX]=00000100
EAX=00000100 EBX=00010000 ECX=00000000 EDX=00000cfc
ESI=0010d000 EDI=00106434 EBP=c010c880 ESP=c010c878
EIP=c0101156 EFL=00000286 [--S--P-] CPL=0 II=0 A20=1 SMM=0 HLT=0
ES =0010 00000000 ffffffff 00cf9300 DPL=0 DS   [-WA]
CS =0008 00000000 ffffffff 00cf9a00 DPL=0 CS32 [-R-]
SS =0010 00000000 ffffffff 00cf9300 DPL=0 DS   [-WA]
DS =0010 00000000 ffffffff 00cf9300 DPL=0 DS   [-WA]
FS =0010 00000000 ffffffff 00cf9300 DPL=0 DS   [-WA]
GS =0010 00000000 ffffffff 00cf9300 DPL=0 DS   [-WA]
LDT=0000 00000000 0000ffff 00008200 DPL=0 LDT
TR =0000 00000000 0000ffff 00008b00 DPL=0 TSS32-busy
GDT=     c0107000 00000027
IDT=     c0107040 000007ff
CR0=80010011 CR2=00000000 CR3=00105000 CR4=00000000
DR0=00000000 DR1=00000000 DR2=00000000 DR3=00000000 
DR6=ffff0ff0 DR7=00000400
CCS=00000084 CCD=c010c83c CCO=EFLAGS
EFER=0000000000000000
Servicing hardware INT=0x20
    83: v=20 e=0000 i=0 cpl=0 IP=0008:c0101156 pc=c0101156 SP=0010:c010c878 env->regs[R_EAX]=00000100
EAX=00000100 EBX=00010000 ECX=00000000 EDX=00000cfc
ESI=0010d000 EDI=00106434 EBP=c010c880 ESP=c010c878
EIP=c0101156 EFL=00000286 [--S--P-] CPL=0 II=0 A20=1 SMM=0 HLT=0
ES =0010 00000000 ffffffff 00cf9300 DPL=0 DS   [-WA]
CS =0008 00000000 ffffffff 00cf9a00 DPL=0 CS32 [-R-]
SS =0010 00000000 ffffffff 00cf9300 DPL=0 DS   [-WA]
DS =0010 00000000 ffffffff 00cf9300 DPL=0 DS   [-WA]
FS =0010 00000000 ffffffff 00cf9300 DPL=0 DS   [-WA]
GS =0010 00000000 ffffffff 00cf9300 DPL=0 DS   [-WA]
LDT=0000 00000000 0000ffff 00008200 DPL=0 LDT
TR =0000 00000000 0000ffff 00008b00 DPL=0 TSS32-busy
GDT=     c0107000 00000027
IDT=     c0107040 000007ff
CR0=80010011 CR2=00000000 CR3=00105000 CR4=00000000
DR0=00000000 DR1=00000000 DR2=00000000 DR3=00000000 
DR6=ffff0ff0 DR7=00000400
CCS=00000084 CCD=c010c83c CCO=EFLAGS
EFER=0000000000000000
Servicing hardware INT=0x20
    84: v=20 e=0000 i=0 cpl=0 IP=0008:c0101156 pc=c0101156 SP=0010:c010c878 env->regs[R_EAX]=00000100
EAX=00000100 EBX=00010000 ECX=00000000 EDX=00000cfc
ESI=0010d000 EDI=00106434 EBP=c010c880 ESP=c010c878
EIP=c0101156 EFL=00000286 [--S--P-] CPL=0 II=0 A20=1 SMM=0 HLT=0
ES =0010 00000000 ffffffff 00cf9300 DPL=0 DS   [-WA]
CS =0008 00000000 ffffffff 00cf9a00 DPL=0 CS32 [-R-]
SS =0010 00000000 ffffffff 00cf9300 DPL=0 DS   [-WA]
DS =0010 00000000 ffffffff 00cf9300 DPL=0 DS   [-WA]
FS =0010 00000000 ffffffff 00cf9300 DPL=0 DS   [-WA]
GS =0010 00000000 ffffffff 00cf9300 DPL=0 DS   [-WA]
LDT=0000 00000000 0000ffff 00008200 DPL=0 LDT
TR =0000 00000000 0000ffff 00008b00 DPL=0 TSS32-busy
GDT=     c0107000 00000027
IDT=     c0107040 000007ff
CR0=80010011 CR2=00000000 CR3=00105000 CR4=00000000
DR0=00000000 DR1=00000000 DR2=00000000 DR3=00000000 
DR6=ffff0ff0 DR7=00000400
CCS=00000084 CCD=c010c83c CCO=EFLAGS
EFER=0000000000000000
Servicing hardware INT=0x20
    85: v=20 e=0000 i=0 cpl=0 IP=0008:c0101156 pc=c0101156 SP=0010:c010c878 env->regs[R_EAX]=00000100
EAX=00000100 EBX=00010000 ECX=00000000 EDX=00000cfc
ESI=0010d000 EDI=00106434 EBP=c010c880 ESP=c010c878
EIP=c0101156 EFL=00000286 [--S--P-] CPL=0 II=0 A20=1 SMM=0 HLT=0
ES =0010 00000000 ffffffff 00cf9300 DPL=0 DS   [-WA]
CS =0008 00000000 ffffffff 00cf9a00 DPL=0 CS32 [-R-]
SS =0010 00000000 ffffffff 00cf9300 DPL=0 DS   [-WA]
DS =0010 00000000 ffffffff 00cf9300 DPL=0 DS   [-WA]
FS =0010 00000000 ffffffff 00cf9300 DPL=0 DS   [-WA]
GS =0010 00000000 ffffffff 00cf9300 DPL=0 DS   [-WA]
LDT=0000 00000000 0000ffff 00008200 DPL=0 LDT
TR =0000 00000000 0000ffff 00008b00 DPL=0 TSS32-busy
GDT=     c0107000 00000027
IDT=     c0107040 000007ff
CR0=80010011 CR2=00000000 CR3=00105000 CR4=00000000
DR0=00000000 DR1=00000000 DR2=00000000 DR3=00000000 
DR6=ffff0ff0 DR7=00000400
CCS=00000084 CCD=c010c83c CCO=EFLAGS
EFER=0000000000000000
